Iter,Phi,Psi,Type
1,-63.438766,-48.31134,Acquired
1,-80.4471,-157.89693,Acquired
1,-55.664948,172.7969,Acquired
1,-155.23647,11.472702,Acquired
1,67.06766,10.292084,Acquired
1,-77.53629,170.20886,Acquired
1,-71.13571,179.58282,Acquired
1,-116.30266,-133.54866,Acquired
1,-163.53835,-178.27905,Acquired
1,69.30441,157.65799,Acquired
1,-150.91028,178.38617,Acquired
1,-71.979515,-6.213455,Acquired
1,-167.23984,-7.954956,Acquired
1,-171.32977,177.86688,Acquired
1,65.29724,179.44958,Acquired
1,-49.550583,139.8211,Acquired
1,-139.6211,153.61179,Acquired
1,-82.21294,68.69644,Acquired
1,-79.93427,125.71155,Acquired
1,-52.23104,123.46854,Acquired
1,-70.99874,175.01242,Acquired
1,-73.53443,-34.77121,Acquired
1,-107.86188,32.818634,Acquired
1,-164.67932,-175.33594,Acquired
1,-148.6999,-7.1437073,Acquired
1,-74.37371,-45.61772,Acquired
1,59.691803,14.387497,Acquired
1,-132.50143,-15.047516,Acquired
1,-155.29787,173.42621,Acquired
1,-153.19923,162.13818,Acquired
1,-59.877174,114.16513,Acquired
1,-134.19537,-40.161407,Acquired
1,-148.43517,172.60913,Acquired
1,-68.7893,148.33447,Acquired
1,63.334717,169.13733,Acquired
1,-143.25471,166.4642,Acquired
1,-136.02702,28.909714,Acquired
1,-160.85037,1.6069641,Acquired
1,-63.62905,-28.012802,Acquired
1,-146.56627,146.65485,Acquired
1,-74.919426,-37.87094,Acquired
1,-143.58394,11.634811,Acquired
1,-145.65405,-171.252,Acquired
1,-89.90623,-10.631744,Acquired
1,-144.82018,168.40204,Acquired
1,74.21768,-13.329361,Acquired
1,-64.849525,154.6341,Acquired
1,-133.81517,10.602844,Acquired
1,-151.28778,8.792206,Acquired
1,61.48088,22.433914,Acquired
1,65.929794,-41.08513,Acquired
1,58.448395,89.947754,Acquired
1,-72.39092,-26.80745,Acquired
1,-94.19321,-178.69922,Acquired
1,51.926697,149.63733,Acquired
1,62.903076,-179.29343,Acquired
1,-118.027115,52.791534,Acquired
1,-129.74417,9.401123,Acquired
1,-76.67279,58.501053,Acquired
1,-49.842987,117.32477,Acquired
1,-167.18443,167.87909,Acquired
1,-141.3314,33.566345,Acquired
1,-57.974777,-28.422165,Acquired
1,-128.4502,36.65895,Acquired
1,-56.033676,162.13464,Acquired
1,-144.39108,-178.16037,Acquired
1,-159.90686,-179.51772,Acquired
1,-128.27797,131.92651,Acquired
1,71.481,-173.7608,Acquired
1,-161.29085,179.80078,Acquired
1,-59.415726,106.99838,Acquired
1,-178.20122,164.11084,Acquired
1,-154.31317,17.107483,Acquired
1,55.506668,-56.568947,Acquired
1,51.951553,-157.79709,Acquired
1,56.21483,-56.210648,Acquired
1,-67.708534,-22.430573,Acquired
1,-149.13617,-173.07506,Acquired
1,-94.33572,-41.917435,Acquired
1,70.19263,87.179016,Acquired
1,-77.06523,-17.35048,Acquired
1,63.5661,37.11087,Acquired
1,-148.21175,172.41748,Acquired
1,-174.85359,162.81924,Acquired
1,-155.17569,48.80516,Acquired
1,-54.14789,121.19272,Acquired
1,-64.37572,-10.918289,Acquired
1,-62.36635,148.10065,Acquired
1,-83.73116,-22.316574,Acquired
1,-80.77454,68.32225,Acquired
1,-70.73998,-12.862366,Acquired
1,57.309067,14.337418,Acquired
1,-120.58857,-148.57858,Acquired
1,-149.81764,-17.350388,Acquired
1,-161.18214,139.0932,Acquired
1,-168.26385,18.84497,Acquired
1,-70.66879,8.203522,Acquired
1,-132.57404,112.20618,Acquired
1,80.33884,24.010223,Acquired
1,-97.55511,67.50079,Acquired
1,-146.86632,-171.24489,Acquired
1,-98.82776,179.87827,Acquired
1,-84.66474,-14.643082,Acquired
1,-90.22174,170.22156,Acquired
1,-82.451515,-19.523926,Acquired
1,66.48027,16.817749,Acquired
1,-145.27089,32.718933,Acquired
1,52.291595,24.602661,Acquired
1,-68.62216,170.17468,Acquired
1,-129.40778,-75.43964,Acquired
1,-56.281647,150.5091,Acquired
1,-164.35945,138.6846,Acquired
1,-58.51323,151.53027,Acquired
1,-63.481445,170.005,Acquired
1,170.45682,175.4007,Acquired
1,-133.90936,79.88226,Acquired
1,58.268585,-130.31863,Acquired
1,-137.60466,36.503143,Acquired
1,-84.6379,99.9404,Acquired
1,-87.441826,151.2102,Acquired
1,179.92218,166.82535,Acquired
1,-46.097946,142.39539,Acquired
1,-157.62912,162.41547,Acquired
1,44.904907,-129.23964,Acquired
1,-70.78332,155.92023,Acquired
1,-156.12697,174.39682,Acquired
1,-76.73437,167.85101,Acquired
1,-157.32562,151.15424,Acquired
1,54.61415,8.801956,Acquired
1,42.124435,-109.01224,Acquired
1,-77.12489,-43.328903,Acquired
1,-73.55655,164.38733,Acquired
1,-121.67136,17.019272,Acquired
1,-159.92856,29.30423,Acquired
1,60.830505,11.053146,Acquired
1,-89.57975,170.17615,Acquired
1,-61.893524,125.62091,Acquired
1,-46.561844,158.77805,Acquired
1,-162.42746,154.03705,Acquired
1,-153.02406,150.30353,Acquired
1,-178.69499,-165.5067,Acquired
1,-150.35767,13.528351,Acquired
1,-73.01549,3.2910461,Acquired
1,-143.25026,24.040237,Acquired
1,-173.86208,107.407745,Acquired
1,-79.78237,172.53049,Acquired
1,-83.99575,23.283157,Acquired
1,69.017105,25.235,Acquired
1,-82.5672,-26.756134,Acquired
1,-73.34576,160.65399,Acquired
1,-54.00387,141.64618,Acquired
1,-164.60197,143.59366,Acquired
1,-62.95601,154.31653,Acquired
1,-117.56389,3.8695679,Acquired
1,-63.091995,-179.39557,Acquired
1,-79.83693,20.03778,Acquired
1,-60.29949,147.67633,Acquired
1,-156.97115,-179.33746,Acquired
1,68.80072,-30.639053,Acquired
1,-155.42946,155.39484,Acquired
1,-160.19547,-24.717438,Acquired
1,-119.085266,151.17273,Acquired
1,-138.20967,42.070496,Acquired
1,-178.66805,46.917374,Acquired
1,-69.1774,130.82983,Acquired
1,-154.41823,167.02301,Acquired
1,55.23973,177.89429,Acquired
1,-72.490585,-16.410156,Acquired
1,-122.091995,-161.55847,Acquired
1,66.4621,-17.725616,Acquired
1,-101.674515,71.28131,Acquired
1,-163.28992,-39.14006,Acquired
1,-157.90707,110.59369,Acquired
1,40.82379,-17.23114,Acquired
1,-53.95787,-170.36307,Acquired
1,-151.08604,179.39606,Acquired
1,-162.21616,-167.75975,Acquired
1,-59.45395,165.93509,Acquired
1,-150.05763,155.82962,Acquired
1,-68.17376,-22.884613,Acquired
1,-167.61525,140.04425,Acquired
1,-109.088036,118.1626,Acquired
1,-170.92833,-15.541611,Acquired
1,-141.15578,-36.268997,Acquired
1,-164.70076,-12.266022,Acquired
1,-161.73605,156.36981,Acquired
1,-151.69623,-176.31366,Acquired
1,49.72432,-161.76059,Acquired
1,62.02237,-71.82924,Acquired
1,-120.808586,-62.106598,Acquired
1,61.372803,-152.04741,Acquired
1,-81.9543,-10.714798,Acquired
1,-91.07366,-170.07426,Acquired
1,-149.17351,-7.927902,Acquired
1,-129.31575,27.79007,Acquired
1,-138.08781,-81.99161,Acquired
1,-131.59303,167.31476,Acquired
1,-80.02701,87.98572,Acquired
1,-146.93466,108.31427,Acquired
1,-83.87029,148.24841,Acquired
1,-156.55444,11.70874,Acquired
1,66.79074,-18.456131,Acquired
1,-140.0871,-18.35994,Acquired
1,-144.46622,-53.039505,Acquired
1,-72.95383,11.216507,Acquired
1,-163.14743,149.70648,Acquired
1,60.552597,54.650635,Acquired
1,-131.05756,-70.925125,Acquired
1,76.37247,12.558548,Acquired
1,-118.20992,172.52484,Acquired
1,-76.219734,-13.0980835,Acquired
1,-154.4359,104.474915,Acquired
1,-139.59134,179.35138,Acquired
1,-140.04362,20.818695,Acquired
1,-155.62195,167.25937,Acquired
1,-152.76634,-14.099991,Acquired
1,-54.804474,176.50388,Acquired
1,-70.3455,0.744751,Acquired
1,-143.09348,154.89606,Acquired
1,-118.32107,-3.1260376,Acquired
1,70.22722,-0.9178467,Acquired
1,55.440643,32.86888,Acquired
1,-158.68198,173.36633,Acquired
1,-162.1059,-177.80875,Acquired
1,-148.64838,151.0427,Acquired
1,-80.63362,31.632034,Acquired
1,-78.51771,7.4313965,Acquired
1,-129.36511,-35.59308,Acquired
1,-63.273346,139.47455,Acquired
1,-64.54389,153.42963,Acquired
1,-161.83395,175.95224,Acquired
1,64.20117,30.31343,Acquired
1,-168.53986,143.10449,Acquired
1,-68.207825,-50.581696,Acquired
1,-153.85884,33.61505,Acquired
1,-72.045494,10.992966,Acquired
1,-97.6969,133.60284,Acquired
1,-82.2328,39.21048,Acquired
1,-95.11183,-0.8773041,Acquired
1,-101.48109,-172.44029,Acquired
1,-57.36577,-33.89302,Acquired
1,-158.34253,164.12738,Acquired
1,70.6806,-46.344147,Acquired
1,-89.89947,144.82864,Acquired
1,-66.565125,118.49216,Acquired
1,-84.22918,117.95624,Acquired
1,-98.41575,2.4920654,Acquired
1,-88.8465,0.87901306,Acquired
1,-163.63596,126.318726,Acquired
1,-155.00505,-56.74479,Acquired
1,-74.05305,138.15393,Acquired
1,52.742188,-147.30865,Acquired
1,-68.90901,-12.453033,Acquired
1,58.992294,-51.695724,Acquired
1,-63.971558,162.46094,Acquired
1,-167.54437,176.51343,Acquired
1,-168.08524,-70.10489,Acquired
1,65.68753,-176.32602,Acquired
1,-168.53679,163.10056,Acquired
1,-137.1971,164.92517,Acquired
1,-77.363976,166.20428,Acquired
1,-81.32429,150.06406,Acquired
1,-91.70573,-46.25061,Acquired
1,-137.15555,-10.009781,Acquired
1,-139.70561,7.8547974,Acquired
1,57.592163,42.978455,Acquired
1,-131.02876,-23.611282,Acquired
1,-161.0203,132.89783,Acquired
1,-53.84868,-46.284805,Acquired
1,44.373795,-26.39096,Acquired
1,-136.16849,-32.85437,Acquired
1,-115.23417,-18.057617,Acquired
1,-157.07507,-38.7677,Acquired
1,-175.44865,136.03656,Acquired
1,-153.92204,24.415588,Acquired
1,-68.77983,149.9071,Acquired
1,56.57007,173.97845,Acquired
1,-149.7706,-14.8780365,Acquired
1,-64.86588,151.16962,Acquired
1,-124.07322,4.8632507,Acquired
1,-54.568054,-48.098328,Acquired
1,74.833435,158.34549,Acquired
1,57.867783,-41.77716,Acquired
1,-54.30139,-171.08868,Acquired
1,68.07489,-19.528427,Acquired
1,-52.716675,-63.01957,Acquired
1,-65.7603,176.83578,Acquired
1,171.4136,152.23773,Acquired
1,-154.92828,-168.62727,Acquired
1,-167.05827,162.72345,Acquired
1,-161.65489,-64.322174,Acquired
1,-55.66693,120.618774,Acquired
1,73.99371,150.47986,Acquired
1,-59.19458,111.81442,Acquired
1,-140.52611,158.6919,Acquired
1,45.61992,18.777634,Acquired
1,-116.064865,31.57695,Acquired
1,-120.66807,169.66327,Acquired
1,-121.989,-170.61531,Acquired
1,54.902893,-34.40689,Acquired
1,-131.77316,166.24237,Acquired
1,65.219696,24.658752,Acquired
1,-62.282677,134.77808,Acquired
1,-132.69377,32.08397,Acquired
1,-100.716835,-28.623352,Acquired
1,50.09671,-20.580505,Acquired
1,-140.3929,151.63855,Acquired
1,62.410446,-114.56562,Acquired
1,-136.94919,26.040009,Acquired
1,-112.20411,51.474106,Acquired
1,-142.35013,36.308014,Acquired
1,-152.78659,-177.20877,Acquired
1,-72.1037,171.32932,Acquired
1,-156.52066,-21.509308,Acquired
1,-173.28963,171.00116,Acquired
1,-177.96924,149.50287,Acquired
1,-158.21146,128.06174,Acquired
1,-132.9021,145.97687,Acquired
1,-124.35403,-147.5578,Acquired
1,-153.52728,126.055756,Acquired
1,-158.35194,156.70657,Acquired
1,-64.134056,-62.51346,Acquired
1,-60.90767,-173.71268,Acquired
1,-155.83524,2.3954773,Acquired
1,-151.53555,46.75586,Acquired
1,-54.79212,54.01671,Acquired
1,-144.52577,159.31897,Acquired
1,-78.80624,150.70593,Acquired
1,63.875015,-23.609451,Acquired
1,-63.566193,145.99744,Acquired
1,-64.9575,134.75854,Acquired
1,-171.10188,149.51642,Acquired
1,-87.99206,-22.001053,Acquired
1,-163.79715,176.59155,Acquired
1,-70.27236,-157.92735,Acquired
1,-73.007484,158.5008,Acquired
1,58.377335,52.441956,Acquired
1,-142.7902,-33.636963,Acquired
1,-72.60046,56.25685,Acquired
1,-131.52335,132.79083,Acquired
1,-156.76869,172.66968,Acquired
1,-177.27611,169.99222,Acquired
1,-153.95705,13.18988,Acquired
1,-86.706635,130.35175,Acquired
1,-156.57037,-6.19075,Acquired
1,-102.34971,153.07916,Acquired
1,-80.848114,17.513,Acquired
1,-154.50867,-30.835083,Acquired
1,-73.69055,154.15277,Acquired
1,-144.11398,178.92111,Acquired
1,-131.30496,6.34404,Acquired
1,-145.82622,25.177643,Acquired
1,62.302338,56.183365,Acquired
1,49.55487,-115.1801,Acquired
1,-168.03864,155.34836,Acquired
1,-61.925064,13.544067,Acquired
1,-84.08044,-14.214996,Acquired
1,68.20734,-32.106583,Acquired
1,-85.407814,170.23346,Acquired
1,59.237457,37.71353,Acquired
1,-126.629875,-34.77719,Acquired
1,63.473053,8.122055,Acquired
1,-148.5637,4.93956,Acquired
1,-162.10112,171.73389,Acquired
1,-171.2357,-159.6696,Acquired
1,-67.03779,-3.2802277,Acquired
1,-144.82018,-14.573959,Acquired
1,48.215027,-132.8061,Acquired
1,-96.765755,6.761017,Acquired
1,56.998154,4.265457,Acquired
1,-152.03062,-65.63231,Acquired
1,-130.73128,-5.920868,Acquired
1,-110.576324,43.944885,Acquired
1,-73.097824,22.529419,Acquired
1,-62.004784,23.712143,Acquired
1,-148.11253,-23.739868,Acquired
1,-85.636696,-24.298386,Acquired
1,63.167892,-0.543869,Acquired
1,58.577545,34.500687,Acquired
1,-56.588516,148.38678,Acquired
1,-136.08844,-173.195,Acquired
1,-173.62186,152.99539,Acquired
1,-69.36585,133.20865,Acquired
1,-156.79152,172.40958,Acquired
1,-167.13486,-177.13614,Acquired
1,-174.25331,175.1308,Acquired
1,-134.90303,44.213684,Acquired
1,-151.6638,158.05945,Acquired
1,-119.338715,163.5466,Acquired
1,-156.66234,-51.452347,Acquired
1,-72.6542,-35.365326,Acquired
1,-126.75668,16.174438,Acquired
1,-156.25943,177.20386,Acquired
1,-85.98226,21.089249,Acquired
1,-43.401733,166.4602,Acquired
1,-138.23346,55.131943,Acquired
1,-57.626167,173.3717,Acquired
1,-166.67233,151.91931,Acquired
1,-148.93123,167.76071,Acquired
1,-77.50042,59.362686,Acquired
1,-72.19461,136.3529,Acquired
1,-154.52232,150.93771,Acquired
1,-144.41293,142.14993,Acquired
1,-171.00607,-163.85641,Acquired
1,-59.29796,-19.30751,Acquired
1,63.4355,-34.920105,Acquired
1,-136.12576,-163.53273,Acquired
1,-160.65784,21.950272,Acquired
1,-75.30169,39.242706,Acquired
1,-134.47125,-165.13513,Acquired
1,52.73401,172.70734,Acquired
1,-70.38519,-175.63301,Acquired
1,-162.4397,32.392624,Acquired
1,-65.74802,-8.569794,Acquired
1,-161.67636,28.384033,Acquired
1,-95.315956,1.5339813,Acquired
1,-82.87241,117.42432,Acquired
1,55.81195,59.890472,Acquired
1,-95.20476,12.503403,Acquired
1,-144.57805,-45.18495,Acquired
1,55.658432,13.802048,Acquired
1,-156.6073,-173.76286,Acquired
1,-69.84057,10.746689,Acquired
1,-147.83101,141.81671,Acquired
1,-84.44943,169.6546,Acquired
1,-66.1353,66.84314,Acquired
1,-139.00714,40.538773,Acquired
1,-167.54895,177.15503,Acquired
1,-147.01117,114.86029,Acquired
1,-157.49762,169.82434,Acquired
1,-165.96568,-44.403717,Acquired
1,-136.98895,-31.289612,Acquired
1,65.950516,9.2803955,Acquired
1,54.19606,-174.17197,Acquired
1,-138.06519,-46.913208,Acquired
1,-156.12912,28.342194,Acquired
1,-63.11386,-7.973068,Acquired
1,-79.92698,-41.75995,Acquired
1,-72.13936,-10.412857,Acquired
1,67.3409,-17.916428,Acquired
1,-172.48445,-172.5149,Acquired
1,-98.07571,7.4628143,Acquired
1,-106.1329,13.362976,Acquired
1,-129.89235,-44.309494,Acquired
1,-84.3244,144.78885,Acquired
1,-67.06956,-29.998215,Acquired
1,-163.90582,157.66406,Acquired
1,67.07077,160.76465,Acquired
1,-56.831924,-20.876617,Acquired
1,-163.47533,-12.175293,Acquired
1,52.5726,45.572662,Acquired
1,-72.51091,44.85852,Acquired
1,61.33043,-61.477753,Acquired
1,-153.88858,25.105057,Acquired
1,-128.34756,-31.452667,Acquired
1,-71.11185,122.31326,Acquired
1,-153.85608,157.84586,Acquired
1,-151.12337,-0.9768524,Acquired
1,-171.5324,135.91464,Acquired
1,-133.71347,52.85576,Acquired
1,-125.219086,12.157501,Acquired
1,-154.4712,15.264114,Acquired
1,-82.71469,7.175247,Acquired
1,-89.16195,-21.327515,Acquired
1,-163.1462,-13.222351,Acquired
1,-136.76823,-25.757294,Acquired
1,-50.103317,148.12988,Acquired
1,-51.730057,-46.817642,Acquired
1,-147.62447,156.35815,Acquired
1,-152.86421,-19.421753,Acquired
1,-147.02069,-178.94545,Acquired
1,-98.42334,145.24957,Acquired
1,-162.45026,176.53021,Acquired
1,-147.48457,2.0707245,Acquired
1,-135.1758,44.434784,Acquired
1,-157.4584,155.67828,Acquired
1,-84.058464,165.17004,Acquired
1,-67.28961,-36.34012,Acquired
1,-124.93104,-169.37276,Acquired
1,-74.927216,-172.43791,Acquired
1,-70.42673,-172.99205,Acquired
1,-146.0583,171.13702,Acquired
1,57.9765,158.09021,Acquired
1,-140.17355,142.57703,Acquired
1,-132.92343,-7.5405426,Acquired
1,-154.05826,139.58206,Acquired
1,-149.90282,171.03171,Acquired
1,-158.37743,173.11261,Acquired
1,-136.03406,161.37915,Acquired
1,-64.59923,-49.798096,Acquired
1,-149.14758,-4.4936066,Acquired
1,60.560425,-101.78525,Acquired
1,-111.14751,177.37943,Acquired
1,58.892944,-76.36689,Acquired
1,-52.204628,-10.758957,Acquired
1,-70.30496,175.18222,Acquired
1,-76.95835,25.290085,Acquired
5,-156.07684,-9.883728,Acquired
5,-145.68445,-9.125656,Acquired
5,-71.99996,-8.3502655,Acquired
5,60.966766,41.468002,Acquired
5,-50.8815,-34.85092,Acquired
5,-62.146736,171.4241,Acquired
5,-168.83363,140.54807,Acquired
5,-154.73265,47.93866,Acquired
5,-58.415344,167.49432,Acquired
5,-121.47578,150.04172,Acquired
5,-83.35984,38.83824,Acquired
5,-178.64557,165.86514,Acquired
5,-85.05593,-33.98271,Acquired
5,-87.41231,175.09042,Acquired
5,-95.10624,152.45563,Acquired
5,46.911896,23.030075,Acquired
5,-163.34273,137.50153,Acquired
5,-90.32737,47.60446,Acquired
5,57.41278,-52.49592,Acquired
5,-146.34538,25.58139,Acquired
5,-82.01101,-172.78525,Acquired
5,-85.91652,-64.20584,Acquired
5,-43.004517,-52.428284,Acquired
5,-144.43607,165.685,Acquired
5,-146.8288,5.4150696,Acquired
5,-125.205956,25.460663,Acquired
5,-72.46823,106.283356,Acquired
5,-153.02553,26.473663,Acquired
5,-81.4945,-168.90347,Acquired
5,-156.03436,173.50897,Acquired
5,-50.728638,164.59082,Acquired
5,72.26129,31.379272,Acquired
5,-58.356644,52.200195,Acquired
5,-126.056854,4.7845,Acquired
5,-104.9728,124.22339,Acquired
5,-89.835464,24.90921,Acquired
5,-102.26797,-26.927902,Acquired
5,-157.86517,148.65659,Acquired
5,-164.62105,-37.57869,Acquired
5,-102.030426,-48.64096,Acquired
5,-139.20982,29.661423,Acquired
5,68.04202,147.55383,Acquired
5,65.62869,-151.21405,Acquired
5,-73.13573,0.86779785,Acquired
5,-47.168793,-24.579132,Acquired
5,-144.45982,159.2579,Acquired
5,-154.13808,25.448868,Acquired
5,-139.52863,-179.88281,Acquired
5,-152.7589,176.0326,Acquired
5,-120.51934,158.9249,Acquired
5,-150.62912,-33.742554,Acquired
5,-137.22198,0.9211731,Acquired
5,-103.79973,4.35701,Acquired
5,-165.27298,160.14764,Acquired
5,-94.47659,-17.665192,Acquired
5,-130.6252,20.761444,Acquired
5,-76.76648,19.224396,Acquired
5,-177.1726,111.40936,Acquired
5,68.13144,18.36824,Acquired
5,-148.96667,24.43776,Acquired
5,-160.16052,162.35785,Acquired
5,-127.488266,-14.31572,Acquired
5,39.579544,19.779877,Acquired
5,-128.11427,-1.334137,Acquired
5,62.60698,18.35884,Acquired
5,-79.25296,19.03859,Acquired
5,44.392273,-155.05109,Acquired
5,49.856842,54.22969,Acquired
5,-59.862793,-16.022903,Acquired
5,-153.01402,159.7398,Acquired
5,-95.03439,-12.599548,Acquired
5,-58.387444,134.64246,Acquired
5,-90.36898,-169.58932,Acquired
5,-51.801422,178.12811,Acquired
5,-148.91994,140.47632,Acquired
5,-57.502655,-23.552704,Acquired
5,72.59906,157.3742,Acquired
5,-156.43944,160.43887,Acquired
5,-165.50854,167.18042,Acquired
5,-161.77083,-161.55975,Acquired
5,-144.76868,-18.836807,Acquired
5,-142.09755,169.89453,Acquired
5,-124.25387,-16.590591,Acquired
5,70.47664,-11.123917,Acquired
5,-68.068596,52.698822,Acquired
5,-155.0589,39.83992,Acquired
5,-146.83446,-7.239563,Acquired
5,53.6653,-25.076569,Acquired
5,53.347855,28.536102,Acquired
5,-156.65173,176.0683,Acquired
5,-152.96765,170.28064,Acquired
5,-151.85925,158.33691,Acquired
5,-161.5071,137.87152,Acquired
5,-62.71718,-23.677078,Acquired
5,-101.80924,175.63336,Acquired
5,-146.0364,151.8841,Acquired
5,-163.65544,176.41882,Acquired
5,-168.75354,165.06879,Acquired
5,-129.70488,11.911484,Acquired
5,64.650116,-15.315475,Acquired
5,-160.37784,164.49896,Acquired
5,-159.62871,-179.26979,Acquired
5,-54.26655,143.37189,Acquired
5,-169.32414,165.64236,Acquired
5,-158.36006,160.04657,Acquired
5,-177.20496,147.5299,Acquired
5,-159.03847,171.46924,Acquired
5,50.028336,35.905365,Acquired
5,-141.03879,5.822464,Acquired
5,-156.39474,160.45123,Acquired
5,-138.22278,177.50934,Acquired
5,-166.97704,163.24158,Acquired
5,-172.30205,159.95703,Acquired
5,-141.18234,34.348663,Acquired
5,-38.48703,139.63303,Acquired
5,-152.25873,173.3457,Acquired
5,-139.23877,27.314423,Acquired
5,-70.98361,92.61502,Acquired
5,-164.38962,177.55865,Acquired
5,66.19055,137.09216,Acquired
5,-123.27782,3.591095,Acquired
5,-159.72142,-85.92648,Acquired
5,178.80994,141.98837,Acquired
5,-143.36063,10.509949,Acquired
5,-43.045013,-33.39438,Acquired
5,-149.95108,-163.98009,Acquired
5,-149.49638,19.633133,Acquired
5,-48.207397,116.15436,Acquired
5,-174.34682,148.96808,Acquired
5,-139.33655,171.2125,Acquired
5,-128.6933,-12.170212,Acquired
5,52.68843,-39.765488,Acquired
5,-113.79771,39.307404,Acquired
5,-166.62128,177.34189,Acquired
5,-50.481583,175.5076,Acquired
5,44.445877,42.064835,Acquired
5,-153.23257,20.358154,Acquired
5,-142.69653,16.857285,Acquired
5,-165.41724,164.91467,Acquired
5,56.85161,31.336548,Acquired
5,-159.28442,177.28137,Acquired
5,-59.456024,-6.806961,Acquired
5,-159.35318,12.2669525,Acquired
5,51.53705,23.554321,Acquired
5,56.024567,16.85608,Acquired
5,-67.838264,159.33926,Acquired
5,-65.80431,-21.642853,Acquired
5,-73.66368,143.6229,Acquired
5,-76.92334,-21.804382,Acquired
5,56.936554,30.681534,Acquired
5,60.326477,23.477524,Acquired
5,51.66629,26.131165,Acquired
5,-142.1542,-159.3047,Acquired
5,58.703445,29.302551,Acquired
5,53.992645,39.375336,Acquired
5,56.367218,-17.418274,Acquired
5,-147.8339,164.83499,Acquired
5,60.070877,25.754791,Acquired
5,-72.709946,131.71606,Acquired
5,-81.73835,1.4472961,Acquired
5,-93.67754,-1.0706635,Acquired
5,68.811035,-167.98997,Acquired
5,53.982727,18.756744,Acquired
5,-77.55327,-13.2790985,Acquired
5,-81.850876,-13.351456,Acquired
5,-58.876236,-18.737549,Acquired
5,-64.56671,148.44318,Acquired
5,-57.815926,153.13263,Acquired
5,61.530426,29.177048,Acquired
5,66.889984,-59.228737,Acquired
5,73.27704,-176.34818,Acquired
5,54.92122,19.969177,Acquired
5,-140.49771,151.45209,Acquired
5,-73.4602,61.68451,Acquired
5,-93.33811,47.904266,Acquired
5,-70.60169,-30.169586,Acquired
5,63.94713,0.86769104,Acquired
5,56.443466,-13.899155,Acquired
5,-145.40573,140.43958,Acquired
5,-62.81994,-43.790558,Acquired
5,-72.137405,-49.84851,Acquired
5,-58.668404,144.11346,Acquired
5,69.76599,-166.18217,Acquired
5,58.943054,19.697754,Acquired
5,-73.82826,47.111298,Acquired
5,-79.87573,16.97142,Acquired
5,-75.73654,-6.3887634,Acquired
5,-71.286644,-16.453827,Acquired
5,-83.75494,29.53804,Acquired
5,58.934296,52.14624,Acquired
5,55.987137,-2.9315338,Acquired
5,-67.09031,155.86615,Acquired
5,-76.51249,-23.730133,Acquired
5,51.423553,2.3688354,Acquired
5,-73.53506,-4.5081177,Acquired
5,45.961517,31.798218,Acquired
5,-91.04611,-21.974228,Acquired
5,-73.075645,-4.3462524,Acquired
5,-66.915474,-25.189209,Acquired
5,-67.44049,151.11554,Acquired
5,-84.46373,14.444504,Acquired
5,-64.55308,-52.692596,Acquired
5,-73.80878,-2.4033966,Acquired
5,-75.817894,133.23666,Acquired
5,-81.86655,14.993271,Acquired
5,-66.628685,135.70264,Acquired
5,-64.00384,124.7041,Acquired
5,56.237762,32.93483,Acquired
5,-63.52765,132.26642,Acquired
5,-87.65485,-17.536804,Acquired
5,-75.014336,-20.697708,Acquired
5,-66.27665,-20.207672,Acquired
5,62.3869,8.405334,Acquired
5,-65.48967,-32.71234,Acquired
5,60.566895,37.38443,Acquired
5,-62.51407,-15.047394,Acquired
5,-64.06151,-11.784576,Acquired
5,-78.98113,128.07968,Acquired
5,55.73787,167.2952,Acquired
5,-60.2902,110.50281,Acquired
5,-57.94436,-56.338303,Acquired
5,59.242462,8.387985,Acquired
5,-68.47015,-46.18367,Acquired
5,46.37195,52.45105,Acquired
5,-60.81093,-27.011124,Acquired
5,60.084198,14.070862,Acquired
5,-87.06437,-1.7744141,Acquired
5,60.52301,42.586487,Acquired
5,-79.71726,-13.991135,Acquired
5,-55.73201,126.8992,Acquired
5,56.62564,28.841461,Acquired
5,52.078506,171.84302,Acquired
5,67.84064,-172.43976,Acquired
5,-89.82506,-3.9773712,Acquired
5,-54.020126,152.16687,Acquired
5,-61.266937,-34.002075,Acquired
5,69.43887,-36.56259,Acquired
5,-72.89714,7.594803,Acquired
5,-150.1201,-60.868156,Acquired
5,-67.46137,37.89868,Acquired
5,52.559174,36.59259,Acquired
5,-76.40259,63.1465,Acquired
5,-69.83671,138.84213,Acquired
5,50.259888,3.1049194,Acquired
5,-86.315125,164.33597,Acquired
5,-87.7562,175.08551,Acquired
5,-60.352783,-10.274918,Acquired
5,-65.22856,160.77936,Acquired
5,55.95996,32.968353,Acquired
5,44.91623,38.086365,Acquired
5,-56.73329,-14.760513,Acquired
5,-75.331505,148.3645,Acquired
5,-90.74956,84.01633,Acquired
5,-73.78002,70.76547,Acquired
5,-67.17016,-6.8638763,Acquired
5,-70.9669,114.4874,Acquired
5,66.29224,-70.28254,Acquired
5,68.280396,5.070343,Acquired
5,63.355682,-41.636932,Acquired
5,37.991486,52.86853,Acquired
5,59.618652,-153.04779,Acquired
5,-88.0767,27.653534,Acquired
5,-66.40158,147.6423,Acquired
5,-93.49647,-19.375565,Acquired
5,-78.77991,-178.14685,Acquired
5,61.69571,39.742752,Acquired
5,73.094604,-175.12709,Acquired
5,-57.534386,-19.311844,Acquired
5,-65.27926,170.6192,Acquired
5,-54.5375,-10.374344,Acquired
5,54.465164,-177.59268,Acquired
5,-72.10685,20.085663,Acquired
5,56.180817,-17.635208,Acquired
5,47.549026,26.890503,Acquired
5,66.74843,-12.342072,Acquired
5,-59.671387,148.05298,Acquired
5,-78.590164,6.824188,Acquired
5,73.72659,-43.086777,Acquired
5,-87.40482,6.1274414,Acquired
5,-64.72465,11.196838,Acquired
5,-73.039375,138.82211,Acquired
5,-65.99318,-6.1127777,Acquired
5,-145.99173,155.04272,Acquired
5,54.818054,-83.89032,Acquired
5,-49.845062,-28.25621,Acquired
5,53.6326,-175.22263,Acquired
5,-70.82448,-29.349731,Acquired
5,58.74704,15.886536,Acquired
5,-89.79753,75.302704,Acquired
5,41.48352,39.388794,Acquired
5,-66.425896,72.86827,Acquired
5,33.14,65.24895,Acquired
5,56.693726,40.610504,Acquired
5,-63.249374,143.95358,Acquired
5,-70.62172,-34.416992,Acquired
5,-48.61812,148.1391,Acquired
5,51.75499,15.981705,Acquired
5,67.615875,-69.60376,Acquired
5,-67.552864,3.3846283,Acquired
5,-50.592163,-52.911415,Acquired
5,-96.41545,1.7030792,Acquired
5,67.73343,34.13498,Acquired
5,-77.48555,-24.941254,Acquired
5,-70.723145,133.04034,Acquired
5,63.096817,22.193146,Acquired
5,40.375687,41.869507,Acquired
5,-90.8628,-7.1435547,Acquired
5,-53.204376,132.37811,Acquired
5,-86.16862,28.788544,Acquired
5,63.195038,152.65155,Acquired
5,53.285416,35.29785,Acquired
5,-100.73282,161.68585,Acquired
5,-54.11978,-31.333908,Acquired
5,46.1978,-145.02382,Acquired
5,54.646393,14.692093,Acquired
5,58.950745,4.130768,Acquired
5,51.73941,39.32228,Acquired
5,45.14084,-159.10008,Acquired
5,-81.46138,116.09863,Acquired
5,-65.54772,-31.474808,Acquired
5,-61.58531,150.99542,Acquired
5,73.68176,-143.71246,Acquired
5,67.154724,-177.67665,Acquired
5,-165.3026,-39.343124,Acquired
5,52.89209,12.364471,Acquired
5,68.75821,-32.68364,Acquired
5,-67.42996,154.60596,Acquired
5,56.367004,15.132721,Acquired
5,53.6129,25.706161,Acquired
5,-90.125946,-0.0029907227,Acquired
5,-58.76573,157.8269,Acquired
5,-100.88643,131.39139,Acquired
5,-78.61153,-22.034668,Acquired
5,-58.863075,132.2652,Acquired
5,59.223846,-30.065445,Acquired
5,-92.5809,-60.24202,Acquired
5,-61.2787,106.93207,Acquired
5,-71.34974,28.216187,Acquired
5,-74.34751,140.54541,Acquired
5,-90.14465,7.1791534,Acquired
5,-59.14064,149.8646,Acquired
5,49.42096,49.65204,Acquired
5,-71.22724,159.0542,Acquired
5,-82.58543,-28.608826,Acquired
5,-67.78685,129.27942,Acquired
5,49.679596,43.3087,Acquired
5,-73.816666,-54.884415,Acquired
5,61.583023,-55.44867,Acquired
5,-66.86584,78.21005,Acquired
5,-48.049683,130.42798,Acquired
5,-60.437973,-10.459778,Acquired
5,-67.296265,-10.520981,Acquired
5,-102.272125,53.44339,Acquired
5,-72.82858,-8.107864,Acquired
5,-72.978264,145.98083,Acquired
5,-63.897934,32.05417,Acquired
5,57.297653,37.16185,Acquired
5,-65.51392,108.09738,Acquired
5,-57.05078,157.46768,Acquired
5,-65.67832,144.35657,Acquired
5,-60.805107,-8.679306,Acquired
5,-62.26143,153.4216,Acquired
5,-64.3982,17.0932,Acquired
5,42.408264,24.78592,Acquired
5,54.82927,30.014465,Acquired
5,-61.551453,149.18549,Acquired
5,-111.88775,5.238861,Acquired
5,67.30055,-41.731262,Acquired
5,-102.265114,8.596222,Acquired
5,-78.61469,24.236603,Acquired
5,-58.80162,152.90881,Acquired
5,50.424805,-161.97012,Acquired
5,-48.81195,153.16644,Acquired
5,58.042236,18.542755,Acquired
5,-133.12428,18.165756,Acquired
5,64.40918,29.271973,Acquired
5,57.007812,29.80478,Acquired
5,67.97542,-158.79044,Acquired
5,-70.870346,-14.831329,Acquired
5,50.429016,22.741745,Acquired
5,-73.151886,-12.942108,Acquired
5,-70.79664,118.7186,Acquired
5,-149.53987,-169.27187,Acquired
5,71.01187,-27.96756,Acquired
5,-87.20071,149.81335,Acquired
5,-63.446625,126.26636,Acquired
5,63.46219,45.517044,Acquired
5,53.948486,-5.8345184,Acquired
5,44.50348,48.737488,Acquired
5,-57.15325,132.31012,Acquired
5,-68.60475,-5.89093,Acquired
5,58.26381,175.948,Acquired
5,47.30423,36.132355,Acquired
5,71.233246,-22.417831,Acquired
5,-68.484375,109.099365,Acquired
5,-59.51761,104.49298,Acquired
5,-139.85248,155.2984,Acquired
5,65.55185,-171.84758,Acquired
5,-56.552124,-33.67856,Acquired
5,63.4093,-69.4465,Acquired
5,-86.838295,159.72095,Acquired
5,-159.00127,158.49579,Acquired
5,-87.421646,-52.40336,Acquired
9,-164.0212,150.37952,Acquired
9,-62.995796,158.69446,Acquired
9,-48.931763,-43.730957,Acquired
9,-164.30823,158.27563,Acquired
9,-157.55371,-179.0207,Acquired
9,-144.40312,2.5218048,Acquired
9,-67.93926,-11.169189,Acquired
9,-159.399,9.663834,Acquired
9,-118.90783,41.11592,Acquired
9,-149.78961,145.74799,Acquired
9,-157.09554,140.95065,Acquired
9,-71.910866,-26.97499,Acquired
9,61.571106,143.94333,Acquired
9,-85.19039,135.11758,Acquired
9,49.259613,169.13293,Acquired
9,-72.98494,28.001297,Acquired
9,-158.86258,179.56549,Acquired
9,-137.99069,-3.9269257,Acquired
9,-157.52829,142.96686,Acquired
9,-85.84311,-14.673233,Acquired
9,67.01848,-3.9007568,Acquired
9,-49.966858,140.06656,Acquired
9,-72.80997,-40.260254,Acquired
9,-165.43744,175.39575,Acquired
9,-86.74011,43.7518,Acquired
9,-55.448685,128.09998,Acquired
9,-81.59547,142.62497,Acquired
9,-103.81762,1.0167694,Acquired
9,65.34856,-68.938095,Acquired
9,-59.413193,166.27448,Acquired
9,-139.77127,114.05588,Acquired
9,57.00952,6.888077,Acquired
9,69.562,27.813477,Acquired
9,-151.06355,148.32501,Acquired
9,-153.96129,32.529495,Acquired
9,-149.16077,49.314117,Acquired
9,-165.03935,24.477203,Acquired
9,65.688995,11.211288,Acquired
9,-61.830902,-169.81801,Acquired
9,-131.95773,170.30878,Acquired
9,-77.056366,-40.37332,Acquired
9,-155.2701,-178.16582,Acquired
9,-153.78897,-21.2072,Acquired
9,-74.98126,29.388336,Acquired
9,65.08246,168.34204,Acquired
9,48.914978,20.342041,Acquired
9,-173.39041,178.76111,Acquired
9,-106.005806,-170.86537,Acquired
9,-171.71013,110.60913,Acquired
9,-92.22706,-60.213272,Acquired
9,-65.361664,59.913925,Acquired
9,-46.839264,145.36148,Acquired
9,-149.7951,24.386871,Acquired
9,-167.05673,142.19635,Acquired
9,-56.903847,177.63647,Acquired
9,-63.74183,156.42584,Acquired
9,-139.76404,-16.593842,Acquired
9,-115.066475,137.41199,Acquired
9,-117.26771,148.02039,Acquired
9,-60.45482,-30.206543,Acquired
9,175.29333,-27.73323,Acquired
9,-69.020935,41.689117,Acquired
9,58.23471,-168.42752,Acquired
9,-73.55459,179.6354,Acquired
9,-168.22552,166.38385,Acquired
9,-77.40627,-173.15416,Acquired
9,63.638184,-167.36711,Acquired
9,-51.20804,164.327,Acquired
9,-58.876816,-44.95218,Acquired
9,-156.68584,122.10773,Acquired
9,66.95978,140.33218,Acquired
9,-69.87807,151.22675,Acquired
9,-66.25995,121.22763,Acquired
9,64.20877,21.331253,Acquired
9,-128.00183,157.12283,Acquired
9,-89.88869,-32.00801,Acquired
9,-77.84789,108.78726,Acquired
9,-141.37135,24.716873,Acquired
9,-75.2549,9.538162,Acquired
9,-65.73608,-37.332184,Acquired
9,-146.81377,-165.91145,Acquired
9,-66.87642,102.900024,Acquired
9,-109.16246,10.327667,Acquired
9,-65.549,-12.526184,Acquired
9,63.309937,-160.74117,Acquired
9,-62.688263,37.769043,Acquired
9,-151.3846,164.75684,Acquired
9,64.16403,-107.46888,Acquired
9,-139.43776,164.16504,Acquired
9,-153.03844,-167.28107,Acquired
9,47.322464,52.199356,Acquired
9,69.52701,-48.556427,Acquired
9,53.688232,13.764221,Acquired
9,-153.79349,47.369354,Acquired
9,-43.160294,-70.41712,Acquired
9,-73.52202,136.87292,Acquired
9,-130.30486,47.42964,Acquired
9,46.88333,33.041748,Acquired
9,-178.5724,156.46436,Acquired
9,50.624374,49.49945,Acquired
9,-128.28448,66.542786,Acquired
9,-155.45352,167.50018,Acquired
9,-139.96535,-176.3965,Acquired
9,47.91942,55.2269,Acquired
9,-141.81766,-29.417465,Acquired
9,66.569534,170.60327,Acquired
9,-145.08385,13.507919,Acquired
9,-39.32071,87.95352,Acquired
9,-86.996445,-12.428833,Acquired
9,-124.74956,147.96509,Acquired
9,-147.45572,4.058563,Acquired
9,-164.4791,168.65942,Acquired
9,-71.62115,147.75641,Acquired
9,-136.77904,157.33698,Acquired
9,-80.114914,52.04599,Acquired
9,-169.73645,103.39798,Acquired
9,-165.2927,-177.61314,Acquired
9,-163.6788,-169.86736,Acquired
9,-160.74695,146.04889,Acquired
9,-145.01857,-3.2363586,Acquired
9,-59.903122,-178.14728,Acquired
9,-147.36339,70.462585,Acquired
9,-82.129036,-43.04843,Acquired
9,-71.00293,103.1626,Acquired
9,67.631775,-45.1503,Acquired
9,-81.297554,154.79745,Acquired
9,-123.627205,10.945908,Acquired
9,-65.071884,113.14627,Acquired
9,-71.371254,150.68533,Acquired
9,-71.22158,103.59631,Acquired
9,-66.31127,-22.440155,Acquired
9,49.471863,-157.45009,Acquired
9,-168.93298,140.69928,Acquired
9,-73.30124,19.250122,Acquired
9,49.639023,-59.948074,Acquired
9,-134.63564,177.15076,Acquired
9,-59.479965,-21.361649,Acquired
9,-75.02523,-72.16121,Acquired
9,-65.15541,27.31456,Acquired
9,-76.33342,137.02945,Acquired
9,60.549133,-160.35338,Acquired
9,-46.38022,147.68628,Acquired
9,-70.727,-172.40613,Acquired
9,-150.261,172.97198,Acquired
9,-172.74567,163.82831,Acquired
9,-151.82652,12.044754,Acquired
9,-83.19126,28.565338,Acquired
9,-164.34955,177.11526,Acquired
9,63.88321,-37.08072,Acquired
9,-151.7101,21.951859,Acquired
9,-61.00612,153.80472,Acquired
9,-143.3086,159.5722,Acquired
9,-71.31494,-16.152191,Acquired
9,60.845566,-124.050026,Acquired
9,-84.233284,-174.70341,Acquired
9,-128.27995,167.74231,Acquired
9,-61.10927,18.94165,Acquired
9,-78.66489,151.68112,Acquired
9,-89.56126,-52.755554,Acquired
9,-162.51352,148.59961,Acquired
9,-69.23775,163.06488,Acquired
9,-145.58914,23.563736,Acquired
9,-166.1739,171.42453,Acquired
9,-155.26271,163.71753,Acquired
9,-46.28505,-27.932648,Acquired
9,-46.245148,166.73184,Acquired
9,-127.077484,15.309006,Acquired
9,-154.37834,15.943085,Acquired
9,-128.67474,173.32074,Acquired
9,-63.145416,-21.43303,Acquired
9,-60.249954,173.28772,Acquired
9,-170.3482,158.48889,Acquired
9,-56.55861,110.78754,Acquired
9,-148.25485,154.47961,Acquired
9,-110.469986,-171.00812,Acquired
9,-152.70685,157.64948,Acquired
9,55.425003,-159.60094,Acquired
9,-130.14343,-172.69583,Acquired
9,-110.857445,138.01254,Acquired
9,-82.04729,146.27911,Acquired
9,-84.95437,50.332718,Acquired
9,61.771545,-23.109772,Acquired
9,-146.21606,179.60104,Acquired
9,-47.90799,152.89005,Acquired
9,-147.64621,25.23288,Acquired
9,-140.97571,-20.596725,Acquired
9,-152.52956,150.9866,Acquired
9,53.899994,-150.21556,Acquired
9,-57.408554,-47.24861,Acquired
9,50.356094,10.96994,Acquired
9,-166.91444,154.47626,Acquired
9,-81.87356,115.42514,Acquired
9,-166.8245,153.05774,Acquired
9,-161.99103,175.11685,Acquired
9,45.9785,24.800674,Acquired
9,-161.69386,174.59845,Acquired
9,-124.27989,130.25012,Acquired
9,-71.713776,-41.967194,Acquired
9,-151.78816,154.02899,Acquired
9,-55.618294,157.9509,Acquired
9,-74.63395,-176.25006,Acquired
9,-160.87915,140.35486,Acquired
9,53.105408,169.70544,Acquired
9,45.91333,56.314728,Acquired
9,-148.4742,108.04181,Acquired
9,-155.35793,-159.69693,Acquired
9,52.66945,19.496307,Acquired
9,-156.75957,-167.50227,Acquired
9,54.142273,-14.01207,Acquired
9,-142.76152,47.19925,Acquired
9,-129.88525,167.55203,Acquired
9,42.054443,45.45514,Acquired
9,67.30237,-43.959625,Acquired
9,-61.80648,176.11475,Acquired
9,-105.264854,-140.14499,Acquired
9,-96.34981,-35.250244,Acquired
9,-166.51453,139.77673,Acquired
9,-129.93219,66.16232,Acquired
9,55.94507,35.781113,Acquired
9,-172.78276,140.8952,Acquired
9,-143.64308,176.07983,Acquired
9,-77.46211,135.87103,Acquired
9,-142.44714,-6.5980835,Acquired
9,-127.164154,14.600403,Acquired
9,-109.16547,154.06021,Acquired
9,-145.97531,163.61658,Acquired
9,64.978,3.5107727,Acquired
9,-148.13994,16.39885,Acquired
9,-69.00053,147.99042,Acquired
9,-63.11934,138.78955,Acquired
9,-156.02855,124.68021,Acquired
9,-73.103195,174.03668,Acquired
9,-64.747086,136.62604,Acquired
9,-135.49104,177.83948,Acquired
9,-91.96102,146.53241,Acquired
9,35.26822,53.39821,Acquired
9,63.38002,0.60180664,Acquired
9,-76.50445,176.98645,Acquired
9,-145.51767,164.39664,Acquired
9,53.074707,-116.82298,Acquired
9,-54.563858,75.28969,Acquired
9,-89.65926,45.98192,Acquired
9,-144.98615,166.10013,Acquired
9,47.391388,15.4040985,Acquired
9,-47.962616,164.0187,Acquired
9,47.784973,0.112075806,Acquired
9,-168.20648,164.79395,Acquired
9,-47.74167,145.44391,Acquired
9,-66.60441,164.5003,Acquired
9,-128.13217,-161.52399,Acquired
9,-55.462677,-10.4831085,Acquired
9,-146.67825,-6.006073,Acquired
9,-66.105,-5.392212,Acquired
9,57.757248,16.612183,Acquired
9,-57.269714,-179.66965,Acquired
9,-148.47713,179.15594,Acquired
9,-154.31836,28.296692,Acquired
9,-133.19806,-24.719666,Acquired
9,-134.22372,174.44275,Acquired
9,-65.8578,106.90503,Acquired
9,-53.796318,-48.19821,Acquired
9,-161.29579,-26.06105,Acquired
9,-132.72612,155.72345,Acquired
9,-152.45302,-49.431793,Acquired
9,-149.55536,178.2796,Acquired
9,-157.8751,124.00534,Acquired
9,-151.70065,176.67358,Acquired
9,-153.6596,-179.12437,Acquired
9,-138.83911,-159.72543,Acquired
9,-36.13965,126.257996,Acquired
9,-120.38039,-76.64566,Acquired
9,-144.82721,175.47888,Acquired
9,-70.78679,-10.520523,Acquired
9,-51.02115,159.08295,Acquired
9,56.575195,70.35829,Acquired
9,-144.8243,178.40979,Acquired
9,-136.01578,153.54868,Acquired
9,-47.010223,150.1543,Acquired
9,-155.50133,-175.63864,Acquired
9,53.941193,-43.328857,Acquired
9,52.263275,10.709808,Acquired
9,-166.68669,160.087,Acquired
9,-133.69087,168.74402,Acquired
9,-148.3551,168.91644,Acquired
9,179.80328,175.42072,Acquired
9,-150.78172,143.82907,Acquired
9,-145.42378,-158.01491,Acquired
9,-149.31778,-178.69756,Acquired
9,48.960022,-177.65346,Acquired
9,-53.904922,169.13727,Acquired
9,-162.65576,-162.36807,Acquired
9,47.558014,45.09053,Acquired
9,52.88629,16.493637,Acquired
9,50.331467,24.557037,Acquired
9,-63.15036,-177.09866,Acquired
9,47.072342,-166.29855,Acquired
9,-159.28514,11.318237,Acquired
9,-164.34738,143.7301,Acquired
9,-168.87753,147.18414,Acquired
9,-155.73195,165.19846,Acquired
9,47.278152,123.99213,Acquired
9,-55.92328,-176.80444,Acquired
9,20.483948,50.990326,Acquired
9,-63.171036,149.9967,Acquired
9,47.89949,52.457718,Acquired
9,50.661255,37.15367,Acquired
9,59.16617,3.5372925,Acquired
9,-76.5195,-1.4396973,Acquired
9,32.86551,57.77545,Acquired
9,-58.91781,134.2887,Acquired
9,-44.917633,143.6955,Acquired
9,56.89438,22.021484,Acquired
9,-73.9394,-3.766388,Acquired
9,-60.25448,140.79498,Acquired
9,-78.724174,158.82806,Acquired
9,-100.9932,-29.430283,Acquired
9,58.874313,35.41864,Acquired
9,62.08322,-5.0946198,Acquired
9,-64.67023,-34.508606,Acquired
9,35.732895,68.72949,Acquired
9,-71.00775,-7.2456055,Acquired
9,62.05455,122.06253,Acquired
9,57.861725,6.4253845,Acquired
9,58.691254,7.814087,Acquired
9,-83.647934,-37.264328,Acquired
9,-133.47264,144.24634,Acquired
9,-71.44067,-16.600586,Acquired
9,61.53282,24.26056,Acquired
9,-84.6408,-4.559082,Acquired
9,45.03363,34.93924,Acquired
9,75.4382,-179.44382,Acquired
9,62.861115,20.316986,Acquired
9,50.689697,21.119064,Acquired
9,-79.00456,-13.012207,Acquired
9,-74.9043,-13.521317,Acquired
9,-74.83744,48.009125,Acquired
9,44.304092,28.463821,Acquired
9,55.45018,29.70961,Acquired
9,54.10965,14.761765,Acquired
9,-57.86978,133.86908,Acquired
9,63.38011,-157.14615,Acquired
9,-76.17638,-8.401398,Acquired
9,-85.95002,133.1712,Acquired
9,-143.9076,139.5097,Acquired
9,67.90515,31.407562,Acquired
9,-156.22195,127.55783,Acquired
9,-152.9437,-66.368126,Acquired
9,50.626343,-176.10242,Acquired
9,-42.911514,132.21783,Acquired
9,-68.06636,-24.362213,Acquired
9,61.84108,40.96945,Acquired
9,-68.466385,33.84709,Acquired
9,45.240723,24.081238,Acquired
9,-44.902985,140.29596,Acquired
9,-81.73562,8.099579,Acquired
9,-84.93954,120.64746,Acquired
9,-67.70475,1.6929321,Acquired
9,-74.485596,-25.336319,Acquired
9,-64.07196,3.272766,Acquired
9,-50.543304,150.67722,Acquired
9,-67.18821,171.62454,Acquired
9,-73.97591,124.0246,Acquired
9,-84.22397,27.575485,Acquired
9,62.58104,-154.97545,Acquired
9,-165.63852,170.1329,Acquired
9,-63.616882,24.979172,Acquired
9,62.30194,49.27832,Acquired
9,-80.135345,73.20209,Acquired
9,-65.2715,-13.010895,Acquired
9,-69.41358,-19.64328,Acquired
9,-156.27899,61.01097,Acquired
9,-71.42305,3.8190613,Acquired
9,-75.89783,116.311035,Acquired
9,66.13693,-36.018402,Acquired
9,53.37198,28.755417,Acquired
9,53.76677,34.368073,Acquired
9,-63.565636,-8.771637,Acquired
9,-71.61943,124.54007,Acquired
9,-70.87538,-18.039795,Acquired
9,-67.67048,-15.03244,Acquired
9,-77.81447,-1.3673706,Acquired
9,68.49765,59.948257,Acquired
9,-47.833435,155.2167,Acquired
9,-88.39592,-45.631287,Acquired
9,48.38037,-152.33669,Acquired
9,-77.9769,135.34082,Acquired
9,-111.637146,-178.39395,Acquired
9,52.557648,25.069244,Acquired
9,57.795227,-1.3532715,Acquired
9,-63.85067,122.96503,Acquired
9,53.15152,30.084213,Acquired
9,-80.65371,127.807465,Acquired
