Phi,Psi,Iter
133.36499,-55.527397,0
89.26712,-54.050888,0
-48.683975,20.568085,0
-75.03838,86.13141,0
-179.93478,-158.74721,0
93.245636,-107.03413,0
81.7417,-76.12407,0
-14.058258,131.0755,0
-139.32634,68.26953,0
-179.72957,-42.24991,0
-42.056885,-17.913483,0
-5.155319,-163.10962,0
-27.58934,-7.3023376,0
-0.6938019,-49.862244,0
97.58029,-132.90974,0
116.53558,92.64221,0
2.8219452,-102.24137,0
-15.349945,-76.44885,0
-5.3201447,115.18237,0
-121.33133,79.49722,0
-4.186798,20.56392,0
-9.287872,161.83026,0
-44.466766,-45.210846,0
-131.50958,156.11066,0
-65.00952,23.326416,0
146.13098,36.83737,0
-57.673935,-107.72802,0
-150.92734,116.35605,0
-58.307358,-62.598038,0
-50.763306,6.893936,0
-1.9669952,-21.19284,0
-148.71489,173.5445,0
-39.210724,0.028274536,0
97.74127,52.8237,0
-108.38802,103.48657,0
-52.20137,37.859756,0
161.40652,56.13234,0
8.116379,10.707474,0
57.873047,-9.208298,0
25.063263,-75.28577,0
-3.675644,46.100098,0
19.370087,-163.38991,0
179.6966,-51.199707,0
-112.56692,-59.349686,0
-102.490555,93.23224,0
24.152115,-6.341156,0
93.88699,117.93695,0
-162.03896,-97.43688,0
117.120544,-16.595856,0
-177.49368,-32.91635,0
-136.56633,3.3749237,0
103.3139,-141.63661,0
63.371826,99.96692,0
-28.621704,-169.47058,0
-3.914215,92.88315,0
-118.874565,-149.57907,0
4.7564545,-5.727936,0
-110.58829,112.498566,0
162.12585,-114.603485,0
-153.72415,157.82285,0
11.030014,-78.264885,0
103.65033,1.1674194,0
14.948975,-144.58504,0
24.202667,86.94229,0
42.948273,47.409576,0
48.87799,-133.06204,0
-28.63855,26.2816,0
-149.74605,49.38565,0
78.04773,179.01074,0
19.747559,-73.7094,0
10.163284,-126.667755,0
41.16716,-57.140648,0
-103.22032,-102.67045,0
133.21289,-67.878204,0
-178.38121,18.029343,0
-88.62771,-102.84764,0
-40.908142,120.47455,0
8.33815,167.09973,0
47.15097,42.23886,0
144.97131,-34.046738,0
-66.7662,-124.17624,0
-75.14053,-127.56731,0
-4.0316467,38.520508,0
-67.08681,-13.483551,0
-139.14474,25.507553,0
-128.50742,91.565,0
151.10162,33.56926,0
2.1504517,-4.011322,0
-47.65959,132.29022,0
-144.88844,142.73132,0
-118.466194,77.744385,0
-29.502121,-27.345718,0
7.2738953,-25.095062,0
-16.155151,19.588013,0
-50.768448,143.78125,0
65.214584,9.957413,0
-66.86222,-59.244263,0
-167.24474,48.101074,0
64.28899,-94.57724,0
173.93085,80.43475,0
154.86707,89.18204,0
169.74155,-33.14377,0
37.539215,113.0412,0
171.68481,-57.80864,0
177.25058,178.12048,0
-80.14796,70.86661,0
83.23224,-124.25527,0
130.83447,145.4729,0
-21.318466,105.418,0
-94.844124,17.052414,0
-73.40284,72.94339,0
-6.0993195,155.93533,0
128.80463,155.06625,0
-107.35474,72.093414,0
86.81146,-58.512573,0
84.65674,-76.60749,0
56.859863,-49.763397,0
-104.931335,0.36871338,0
-97.80841,80.91998,0
-156.30042,76.545135,0
-3.3710327,-35.674713,0
-8.962479,93.40643,0
-32.895935,163.86713,0
-53.536682,58.618454,0
93.6095,-138.83737,0
50.202255,-73.22016,0
-82.72305,118.12106,0
-156.19527,-101.465065,0
168.77634,172.12402,0
2.968872,43.895035,0
145.7103,-4.8296814,0
-27.036102,158.949,0
-39.589645,18.275818,0
-165.76958,13.590637,0
-6.670273,159.60913,0
24.189499,176.47778,0
-44.121124,167.86703,0
-11.2643585,-153.47453,0
-129.1627,15.797821,0
72.68013,-19.480728,0
99.70853,0.51849365,0
-58.685287,130.80597,0
-143.87318,46.783768,0
152.87827,116.18182,0
-27.08731,23.395721,0
-87.40553,141.78772,0
-8.4888,20.519562,0
-61.255844,45.68431,0
-59.88861,127.41431,0
-28.89795,-134.29839,0
-34.316498,-85.71404,0
64.190765,-119.3887,0
136.53021,-144.80408,0
149.50043,38.47049,0
126.41623,-44.389496,0
-3.297287,118.39542,0
10.285889,-37.9812,0
42.141724,-74.68694,0
-24.859146,11.77832,0
-171.06357,37.349747,0
173.84192,4.5676575,0
163.17102,-107.513504,0
-161.84671,123.50461,0
-127.64917,126.07837,0
-160.35516,-139.97987,0
-120.59505,48.7567,0
125.5119,-28.526657,0
-46.77942,71.52582,0
-130.37936,26.920837,0
-70.86927,123.44751,0
-6.144043,19.29657,0
173.8612,176.83148,0
-19.325745,50.379044,0
80.22467,-13.1987,0
-4.8011627,19.906189,0
86.10718,-37.3002,0
-27.958725,-118.71202,0
-161.61604,31.781342,0
91.19864,-5.740509,0
-144.13402,51.853943,0
-48.407227,-139.7482,0
70.253815,-4.8957367,0
46.71373,-103.80225,0
161.28195,-8.575867,0
-0.03475952,-15.003296,0
-14.513962,-6.3940887,0
-106.32424,12.265152,0
-105.4399,88.421326,0
-26.545273,158.51813,0
42.09218,158.32166,0
-139.11795,169.68524,0
-24.457062,-179.82835,0
-16.30429,169.35248,0
55.734314,-143.14517,0
5.023178,179.76208,0
-8.899185,-162.35953,0
-155.24522,21.755997,0
-140.14551,93.53735,0
44.08084,-133.44197,0
-89.44055,53.53476,0
17.917496,-80.78717,0
-89.73201,-49.381042,0
164.43488,-12.726028,0
-176.35443,-44.433624,0
-148.67303,-60.231728,0
-148.45512,18.053223,0
111.39047,-161.41081,0
-164.47208,-132.46439,0
11.1315,-153.38112,0
-120.28093,9.397003,0
-55.837204,-176.4331,0
118.81708,-162.57951,0
38.419495,-151.58113,0
68.83763,-49.94388,0
129.23666,124.93405,0
-121.19033,158.70712,0
-28.051483,11.426971,0
-134.83014,35.48024,0
6.31221,75.2608,0
159.76654,-115.699104,0
-103.661476,79.84387,0
170.21286,56.19789,0
-56.096283,-118.34057,0
18.971375,122.68945,0
131.37744,78.94272,0
-158.00002,149.93927,0
38.18524,-130.0017,0
-92.770706,169.30124,0
-25.885986,20.739136,0
60.353333,-66.06755,0
52.16391,36.938538,0
-47.016037,90.16492,0
-17.20375,37.490295,0
-28.64827,-78.668884,0
-41.77652,39.562927,0
29.531036,149.55463,0
109.4263,-57.77646,0
-129.4892,40.542816,0
-64.299194,41.21306,0
90.04321,-5.0329437,0
-174.12372,50.3161,0
173.4476,0.90101624,0
89.026855,-102.046486,0
8.447571,23.74849,0
139.71573,-177.34047,0
39.509766,14.965027,0
79.32059,168.11615,0
-176.92984,-51.67961,0
-122.23619,101.48105,0
115.917206,164.33319,0
34.02411,170.13605,0
56.458008,-110.49343,0
-18.045715,131.20987,0
28.74762,-79.02931,0
-78.15556,85.99167,0
167.61084,-4.264328,0
3.771576,96.85376,0
-102.140434,-48.222168,0
71.72371,-122.75638,0
-21.865463,-27.31157,0
121.77417,178.66974,0
-169.44235,-54.462006,0
14.368164,-82.97514,0
85.09961,-93.30389,0
7.4969635,-141.78372,0
-26.505508,-88.071686,0
146.37384,143.37195,0
-31.3376,37.484924,0
-81.42798,122.5798,0
143.79095,172.32587,0
-8.757126,-28.227737,0
-124.2887,-12.12825,0
176.63824,-145.237,0
-5.463867,-70.243225,0
-72.31631,151.50916,0
-23.727783,88.82074,0
152.48816,147.64972,0
-130.39532,-140.41183,0
-173.18121,3.0375671,0
-179.3389,114.37482,0
-173.59892,-148.8802,0
-76.62856,47.60556,0
144.48383,-42.37033,0
-167.11676,145.70227,0
-145.22443,97.55902,0
-172.4783,-62.4767,0
-173.31226,168.99689,0
144.6112,-20.974518,0
125.02957,-135.1373,0
68.71796,52.94333,0
153.27832,-25.411835,0
-136.01747,-118.40038,0
51.37352,25.168777,0
-76.0788,105.4978,0
-21.083496,137.42908,0
154.21628,158.35925,0
-33.15384,105.88742,0
177.14264,-26.04335,0
-9.608505,165.0857,0
-23.54103,64.007355,0
86.08038,160.09918,0
-152.27737,-11.854294,0
28.458939,-8.925598,0
-46.60182,108.34662,0
25.09813,-154.55939,0
17.772217,-176.67992,0
-5.017761,99.90057,0
-162.24184,13.598755,0
41.809082,-148.31725,0
32.728485,-117.47365,0
-169.12189,-143.78745,0
-173.80202,-118.07477,0
-5.591751,55.652435,0
-0.56892395,174.8797,0
128.58063,-48.5477,0
-84.24872,63.411697,0
143.37717,-25.690765,0
10.447723,-149.32625,0
-169.87004,-0.36061096,0
-16.693573,-27.786621,0
37.16565,-138.14917,0
-92.29595,-76.64348,0
-163.93689,-29.779236,0
-24.195007,37.596283,0
-127.31872,98.39612,0
-3.7233734,125.94107,0
-154.54977,-49.297516,0
133.20782,-1.8492432,0
-90.59396,16.47786,0
5.5637207,40.014236,0
4.529373,159.28766,0
-99.73304,93.10663,0
79.56015,-3.6127472,0
36.67534,43.35086,0
-14.757736,-21.966003,0
44.84117,-8.967667,0
-37.563095,-92.00396,0
42.229218,-23.591965,0
-162.80746,16.69667,0
-35.444794,153.03644,0
-143.12457,101.99832,0
-77.18572,75.19502,0
-19.431961,163.26947,0
-148.77452,-7.1288605,0
-145.07767,49.172028,0
84.95236,-81.67718,0
-1.836319,-51.005966,0
103.647095,78.814026,0
111.80713,-80.41521,0
46.690765,60.791443,0
111.6174,-54.45221,0
-134.24144,120.95056,0
-143.0779,-149.03998,0
-77.990074,-49.019882,0
-145.56596,-68.67848,0
-129.65793,9.179871,0
-61.586914,-54.38952,0
38.424866,28.267303,0
4.819748,-162.96284,0
20.342514,25.015594,0
37.079483,-121.22242,0
120.5853,-30.86763,0
142.54626,-35.42392,0
64.69815,-141.73146,0
-60.264923,-82.24825,0
84.73868,-27.259155,0
169.19415,-14.789154,0
-151.86584,178.32953,0
75.8143,-91.499214,0
-8.936951,-73.42077,0
35.435074,-165.65123,0
-7.082077,106.7088,0
26.348541,-12.499664,0
4.90329,-172.87828,0
136.14221,107.83685,0
-119.089615,95.048706,0
-137.46475,153.20917,0
-117.269264,16.676071,0
167.35706,82.504,0
128.13785,-98.66211,0
145.69437,-34.024918,0
-136.06557,12.845688,0
-75.16023,143.22168,0
158.29239,-154.04868,0
118.208954,44.466095,0
28.258224,-121.4854,0
148.57599,-156.2127,0
-78.38956,60.563843,0
-94.46107,166.61658,0
130.0629,-80.26952,0
-121.42197,73.69342,0
-26.441406,170.36621,0
-104.274536,113.987946,0
-4.360092,160.81296,0
67.87088,-46.010178,0
-18.109177,-169.96066,0
78.50961,-174.73131,0
133.6763,171.23914,0
6.199005,-13.932968,0
-61.183,124.60388,0
-17.600372,-8.357925,0
158.84454,-147.9339,0
23.445084,-110.70217,0
175.72546,-29.607407,0
-50.39261,34.035934,0
25.936127,-124.856865,0
28.539825,-130.18402,0
143.64401,-136.49463,0
81.517395,-2.6311035,0
106.68582,-78.23477,0
15.359436,-45.055115,0
142.2594,-111.51876,0
-49.99643,52.60579,0
131.58966,-32.986313,0
-5.4746246,50.082336,0
-46.323822,51.59059,0
138.198,-21.786041,0
-86.72525,-23.588013,0
176.88373,-76.566895,0
-163.16226,-173.29132,0
-53.469635,102.13974,0
35.96547,33.603897,0
-89.04669,21.239136,0
143.33636,-122.442314,0
-31.8956,0.98509216,0
96.11426,28.72403,0
-107.25085,20.602402,0
166.2048,13.37558,0
-128.38577,80.61014,0
142.59967,-18.876495,0
38.666656,-0.85791016,0
35.864365,-89.78731,0
142.21948,-138.97128,0
-104.250786,97.297,0
-24.552094,56.838867,0
176.74991,94.47336,0
-141.04414,32.37677,0
-123.29128,170.12463,0
140.35907,-110.673836,0
7.108383,29.946472,0
89.74573,121.1951,0
-82.00926,-12.959824,0
-130.47115,70.4191,0
120.45227,-104.22478,0
-81.47964,100.71268,0
174.95166,-20.992294,0
-103.88209,-1.0162201,0
-179.96913,-9.433136,0
83.05582,-151.32892,0
104.57501,112.010925,0
10.504074,150.1453,0
130.0362,27.800644,0
62.776276,-136.79935,0
-168.5893,-6.3821106,0
-42.1118,-23.917023,0
4.257263,-68.80225,0
146.53339,-33.44272,0
92.17999,95.70993,0
-133.1165,-100.167,0
-74.32452,36.15634,0
-42.73633,54.07254,0
57.616333,-86.77502,0
137.13,-34.62317,0
-100.54803,-50.827408,0
3.9733734,138.85446,0
61.12079,-65.15758,0
139.305,38.936096,0
50.97554,9.96875,0
96.24545,141.97794,0
-41.11122,19.627197,0
176.78735,56.415253,0
77.73688,-110.62227,0
142.19534,164.70346,0
-96.18872,-4.5990295,0
-43.909103,-126.96516,0
-162.67458,167.6882,0
-173.37636,-8.208862,0
75.9644,-62.75846,0
-58.39795,-24.124542,0
-33.26535,-76.99538,0
37.429047,-80.43417,0
-171.85947,63.73909,0
-7.9149475,52.20955,0
-179.1808,-152.44975,0
93.33212,-53.109406,0
27.651855,-63.80655,0
174.49225,-151.62563,0
175.75958,12.446075,0
-161.246,169.15875,0
165.12112,-134.6689,0
-128.96356,-55.468933,0
21.096603,-129.71054,0
-73.71688,96.29547,0
-161.3096,173.53705,0
-38.081024,145.49481,0
-0.80952454,117.73755,0
30.362717,-23.818008,0
-16.550476,136.95306,0
-105.22578,110.51553,0
124.06076,-165.63365,0
121.73889,-42.86133,0
-47.024307,64.83322,0
-111.793365,31.826614,0
-144.99634,14.5563965,0
-168.55367,24.265778,0
18.709625,177.43439,0
-84.557434,39.468475,0
-36.067337,143.61218,0
56.60161,-34.586365,0
-79.31427,34.893753,0
-85.92081,95.57703,0
12.055252,57.197357,0
45.75386,-77.59563,0
151.7276,-105.27377,0
-42.750336,118.57721,0
-99.57975,56.90863,0
19.775177,23.896622,0
30.861374,-84.61332,0
117.00873,157.85526,0
-134.9538,34.532623,0
-122.80668,-18.193832,0
-11.63504,169.73047,0
-78.52029,-64.121346,0
-3.5831146,120.22061,0
176.34448,-172.6397,0
73.00441,103.212524,0
-3.317276,12.891769,0
24.899277,113.34833,0
6.725708,-13.1527405,0
-168.50945,105.81088,0
-126.813896,-130.55055,0
139.17383,63.458496,0
109.357544,-33.799347,0
95.39676,-32.59149,0
167.57648,168.78198,0
-170.92236,-35.82782,0
4.4896393,109.526764,0
121.92346,-63.67044,0
149.39032,146.38437,0
165.3985,-61.839767,0
173.14078,134.34879,0
109.21887,-21.127869,0
177.97351,6.9705353,0
-93.371376,32.723633,0
32.396103,35.71591,0
8.129623,-97.95352,0
43.182617,23.58577,0
-156.55681,-72.68552,0
9.093353,16.934387,0
133.75928,-133.58363,0
14.194229,-120.70045,0
-84.13142,137.07428,0
171.40689,179.49353,0
-153.40276,25.918457,0
-17.791214,168.98645,0
-174.94226,129.37427,0
130.40936,8.965012,0
-16.555603,131.60468,0
-29.056046,107.578156,0
-76.44595,27.747131,0
-119.03082,47.23468,0
-174.99373,-46.062164,0
143.43921,36.84532,0
59.296387,-61.820534,0
18.269135,-37.166336,0
-154.84348,-172.31956,0
61.12613,1.0834808,0
-114.48223,-176.56502,0
163.60904,81.50635,0
-159.70279,-106.43215,0
2.7007904,3.8980255,0
53.299667,-174.15434,0
134.23108,113.82364,0
5.1067963,-148.07782,0
8.767761,26.689972,0
-54.04033,70.07858,0
-34.982483,87.78104,0
34.148575,-137.42659,0
177.48978,83.865845,0
-13.146774,118.85458,0
-55.217194,119.6423,0
-119.622375,-46.173874,0
17.01622,51.561203,0
109.954834,47.166092,0
-112.94248,38.414352,0
-137.25491,56.34845,0
130.5567,117.01953,0
-160.66379,157.16315,0
-73.10524,-70.01639,0
-155.86217,162.40756,0
96.99332,-138.24164,0
131.95331,-63.395782,0
-123.306755,117.30359,0
-3.6246796,10.296143,0
-87.0817,34.6389,0
-9.857285,177.38531,0
-170.51015,140.51562,0
19.209625,-132.99623,0
-20.63504,102.8754,0
170.72534,173.47852,0
129.41275,-54.791725,0
-55.439613,22.95195,0
83.85925,-122.46928,0
-178.61519,-14.051392,0
-124.04019,70.20865,0
127.4556,-41.71701,0
139.0556,52.253845,0
-8.262802,-15.633102,0
-53.643936,-119.13484,0
-55.35959,-34.73117,0
61.656982,-11.413239,0
151.61908,-41.319153,0
50.46637,-85.70032,0
11.43158,-48.605865,0
158.87881,12.763031,0
-12.054169,34.527817,0
103.27615,-73.16475,0
7.740967,57.739105,0
84.12695,-21.198929,0
-120.14452,168.17639,0
-77.807785,-18.110641,0
-114.62656,-132.47221,0
50.30513,19.220123,0
54.20746,-111.797424,0
51.172684,104.23007,0
124.80679,-137.46413,0
128.8428,176.10977,0
-29.70874,63.077393,0
-141.52307,151.28528,0
98.701935,-89.301674,0
-46.055283,36.83481,0
161.51697,-164.94101,0
82.103,-81.89323,0
78.91528,40.656357,0
98.96515,76.63568,0
3.3259583,45.999863,0
154.7254,-41.9886,0
-145.27203,16.850815,0
110.97229,97.97272,0
179.09229,-0.8455658,0
74.91901,-73.779945,0
-145.00179,-123.503746,0
0.6247101,-149.1385,0
-146.85254,-177.07893,0
177.27206,-54.636536,0
59.28958,-50.127747,0
-72.477844,-47.234467,0
157.7381,-41.205963,0
-64.49072,49.4606,0
-160.75359,-78.410675,0
-15.968658,-26.509338,0
-121.90725,-73.80706,0
70.90863,142.62488,0
2.8910065,51.19928,0
-27.697311,-27.633926,0
-5.8531647,-84.83704,0
-143.64964,-93.86318,0
32.360794,41.85956,0
-89.67113,107.48111,0
94.07324,-156.76497,0
-119.524124,-143.51326,0
-169.33658,32.509857,0
51.26686,-120.41896,0
-158.16814,116.94263,0
175.12741,-173.6937,0
137.22437,-31.634933,0
38.8826,-153.27205,0
-39.338333,28.228424,0
-94.69392,12.869904,0
142.91797,-167.10008,0
1.9665527,3.858139,0
-132.16948,-29.330994,0
-50.754944,41.988068,0
-175.86737,-89.73798,0
124.787415,46.182938,0
-179.44127,-36.40016,0
-145.50127,33.354523,0
161.33136,-10.689194,0
-15.672714,173.29364,0
57.590286,-168.82454,0
31.03955,145.014,0
77.38544,70.345566,0
165.0557,-98.94203,0
31.351257,-22.908905,0
27.845688,-12.357574,0
-34.950607,-28.422028,0
161.83032,55.77304,0
61.51187,-112.988785,0
-1.1519012,-74.752686,0
-90.75082,45.257263,0
-169.43951,29.784302,0
-2.3570557,48.46663,0
-109.02014,157.92111,0
-120.431786,5.761688,0
104.73529,-60.598984,0
-56.894257,3.3370667,0
-33.291626,-84.0006,0
-62.484207,13.169052,0
156.15268,-11.197556,0
114.65112,-83.702065,0
21.352264,-116.86824,0
-131.34274,35.356873,0
-139.81837,115.23529,0
168.9035,-171.18929,0
122.286194,-45.21573,0
36.631744,3.721405,0
-0.8189392,130.7467,0
171.84546,151.82935,0
-134.00906,110.51468,0
-1.6529846,12.60791,0
-40.7314,131.43997,0
-136.5957,63.584457,0
121.41199,-35.067673,0
-101.240654,60.81218,0
-62.72319,-44.56537,0
93.84601,-26.375809,0
123.15338,115.20462,0
-78.27338,161.60977,0
4.261566,-169.96959,0
-109.3872,137.92252,0
-62.985558,126.7836,0
-123.37758,-112.97409,0
-3.5861511,-84.06698,0
-148.7038,147.78357,0
-128.55934,58.271744,0
-173.97644,151.57181,0
-26.961777,155.16803,0
-19.141052,141.6781,0
-160.76747,35.56723,0
-15.622208,147.991,0
16.112549,-0.98861694,0
155.13214,69.35138,0
137.75656,-32.98651,0
-164.22896,-7.581726,0
14.66922,166.4259,0
161.48145,-153.78801,0
126.57141,37.327423,0
129.00217,-54.807533,0
-48.25952,124.39484,0
50.00615,3.2693634,0
154.83273,-30.688858,0
126.18649,-165.25763,0
137.50146,-155.28171,0
-7.8413086,170.30713,0
-175.00438,-2.5633698,0
12.832809,144.05511,0
-52.500305,135.4961,0
-24.563812,147.6427,0
55.19339,87.89627,0
93.58194,-23.388672,0
31.69014,-8.930862,0
-39.194733,107.313416,0
-174.36018,-13.593628,0
44.70903,-62.872894,0
-79.35551,8.892609,0
49.777954,-103.075096,0
-43.600235,78.25171,0
-70.47775,124.5177,0
71.306,-25.477875,0
28.405365,-79.91817,0
5.911499,178.61768,0
124.47986,-123.59614,0
46.142883,-94.18987,0
129.38031,-107.95043,0
58.785645,-76.1591,0
-11.921967,-132.25546,0
9.389664,145.39139,0
-104.20854,6.967819,0
-58.84323,60.03691,0
-104.89394,-49.180283,0
-86.90086,72.81552,0
27.23378,-112.94523,0
-107.52059,99.042114,0
176.91464,14.6215515,0
-149.49977,86.24594,0
1.7855225,-179.37996,0
174.08417,-142.60518,0
-149.28828,12.272415,0
65.43329,61.00911,0
19.2509,48.929855,0
65.37543,-85.49721,0
164.85477,-5.0349426,0
114.48575,-131.78279,0
7.559784,-13.965439,0
-6.0627747,-154.8163,0
-171.54901,-137.65079,0
99.6355,-157.19717,0
-103.03329,-3.9962769,0
41.339172,-77.159256,0
-112.6291,53.382965,0
-13.633743,-41.80841,0
154.69012,-24.591843,0
158.99554,7.4512177,0
-17.265793,135.40741,0
150.92911,-76.71731,0
53.95349,-50.172745,0
30.056885,-172.51834,0
151.26202,-18.30774,0
-129.05869,49.127472,0
136.1372,-120.82345,0
-125.180176,128.9909,0
79.862305,-46.368378,0
24.466858,169.10236,0
-17.001465,116.82312,0
-158.1312,1.671875,0
64.01085,-107.34921,0
126.76013,-25.34909,0
-155.30049,-136.80577,0
-6.6859894,-133.81818,0
47.481247,-72.033875,0
109.68909,-124.95282,0
-163.30888,-8.040817,0
-144.63252,-74.83809,0
-137.46547,139.7998,0
41.973724,-1.2579956,0
-147.98253,7.5278015,0
164.13486,128.57312,0
-115.161,149.97467,0
28.060455,-106.089325,0
-147.66048,-79.235725,0
7.8481293,-113.06201,0
58.68477,-4.0865784,0
175.59576,-33.87944,0
-1.218216,177.344,0
124.98868,-66.63795,0
-9.844727,-77.89024,0
-163.69415,12.127228,0
-75.64578,112.25055,0
-160.03647,10.265945,0
54.56122,-41.437897,0
-109.04276,-67.12537,0
-133.29381,-3.2966614,0
-73.68285,27.404465,0
-12.0742035,49.115692,0
-105.437515,-69.63244,0
-51.307007,116.38266,0
-118.0144,52.1761,0
-35.628403,127.860504,0
19.223618,168.90646,0
-5.870682,-20.943405,0
-103.41913,-157.63426,0
-131.20705,71.15805,0
50.61087,64.3893,0
4.1965027,-63.780853,0
19.162338,-163.91817,0
-54.50627,130.33325,0
-4.6356354,-58.234238,0
23.06314,80.60892,0
-164.96075,17.793716,0
29.158325,-68.48836,0
113.97775,-12.669525,0
160.45065,9.222229,0
-148.95804,130.94183,0
-101.90119,67.7742,0
170.73944,-168.76236,0
16.337387,-157.56032,0
-42.006866,-40.571884,0
-64.82469,-28.753586,0
125.33478,72.356445,0
5.93013,-27.708023,0
155.37311,32.785065,0
-18.959488,-69.8088,0
131.7508,-137.5785,0
-3.235855,-2.8398285,0
47.476868,-125.66576,0
-1.002182,40.748047,0
72.26279,-9.865814,0
48.277924,-144.51639,0
-39.990067,-129.08702,0
26.475464,27.47992,0
-133.54787,167.06607,0
-66.794975,-110.0515,0
-1.7039795,150.37778,0
-127.27723,30.906372,0
-23.988098,-35.285034,0
173.7807,-150.30771,0
107.058105,19.157166,0
-13.428864,-41.16223,0
49.48259,-96.847755,0
-80.048035,81.65747,0
2.527588,161.49374,0
23.456238,-177.37358,0
154.04657,-8.6910095,0
36.84851,29.950226,0
163.79663,6.719589,0
27.696518,-114.618416,0
-134.89082,99.75925,0
153.35663,95.61365,0
5.19191,-170.99432,0
171.77069,48.533783,0
-153.90973,8.857391,0
-165.5667,-7.2424316,0
15.07193,101.47711,0
97.32788,-9.976669,0
-131.6791,-85.44827,0
121.00943,-90.07559,0
-120.44836,-149.02022,0
-10.383911,12.5316925,0
-136.45569,9.204544,0
162.12567,-43.187225,0
-42.315475,83.16135,0
179.54517,-166.69283,0
-39.84381,14.680008,0
89.441956,18.498917,0
-94.41865,19.62387,0
-141.9873,139.61761,0
78.892395,-110.77222,0
-51.88568,110.88315,0
11.733246,-103.055855,0
-81.66401,-89.701614,0
-70.46583,16.170258,0
139.23608,-47.315613,0
173.28094,146.91208,0
174.13821,-118.0875,0
-4.7630005,107.516815,0
169.3252,-56.716583,0
-151.46608,66.60922,0
-40.894073,-2.7324677,0
-56.94034,82.29779,0
-49.997925,-0.8130493,0
-86.132515,147.9118,0
-67.787254,-53.194427,0
163.24182,-118.02929,0
12.598328,-40.749664,0
-31.205048,81.64484,0
127.31183,-63.727737,0
-18.726974,18.636307,0
101.04773,-134.03345,0
-100.74736,64.24075,0
84.72162,127.085236,0
-7.756531,-68.72397,0
-81.83344,-45.261917,0
-155.18869,160.54614,0
-124.86362,0.22393799,0
124.668335,-75.1727,0
-125.52314,-31.834122,0
-65.02865,23.106903,0
14.5395355,-151.50557,0
93.595215,38.284866,0
122.1319,-153.8508,0
-134.07298,-34.861084,0
-138.88628,35.156296,0
33.67749,-35.43547,0
-80.5349,27.114273,0
129.95312,-62.7157,0
147.67264,60.643585,0
-147.58672,13.221832,0
11.21994,-52.40773,0
-38.424072,26.906189,0
165.06592,23.628845,0
-156.23775,57.20468,0
141.69373,-165.3509,0
-21.094574,-6.148819,0
8.691162,178.50995,0
-2.9683228,80.787415,0
3.63089,3.4585419,0
28.260284,126.75806,0
-1.3714142,146.21228,0
122.697296,-127.02663,0
-32.14247,127.08057,0
-91.92753,4.326004,0
162.09033,-26.515015,0
-142.72157,29.555359,0
-90.828354,-36.405304,0
129.04034,-17.219498,0
-149.70564,-158.77069,0
32.39543,-97.815475,0
-8.483337,142.00183,0
28.238281,-95.06228,0
-25.771347,-72.022736,0
17.977676,125.49466,0
-17.629578,-25.31894,0
-27.1875,167.02448,0
89.6431,106.730896,0
-85.60562,-84.8687,0
-8.579071,154.67935,0
-3.4829102,146.80145,0
99.673676,-154.54819,0
26.012741,-104.31637,0
-9.964249,137.61566,0
55.8188,150.39743,0
12.999237,-157.62326,0
-45.28679,51.82895,0
140.79956,37.088577,0
-100.47568,38.253967,0
30.852386,-39.99556,0
3.428833,159.9787,0
44.892685,15.658813,0
-176.98235,165.59796,0
4.3390045,34.729187,0
22.322525,-109.12671,0
108.87094,85.66803,0
113.15317,141.33209,0
38.737335,-88.24919,0
148.88556,-23.965134,0
-166.4115,-67.999435,0
-69.75286,109.61011,0
106.79205,-107.15594,0
80.811646,-175.44598,0
114.57242,-68.96046,0
-12.963425,85.84497,3
-143.47916,-88.32653,3
-136.0121,-137.60277,3
-165.1383,179.21954,3
-152.1687,34.19995,3
59.195267,47.82289,3
-89.42554,30.573883,3
-2.3019867,26.18605,3
-80.63139,112.95529,3
91.516785,34.337814,3
1.1019287,47.36995,3
39.64029,-10.585266,3
111.25812,-78.89173,3
172.90686,-4.5694885,3
-117.97123,-159.89833,3
-72.8716,170.86444,3
87.11612,-103.333305,3
-6.7341614,160.29706,3
28.188934,-160.97232,3
19.10913,20.222351,3
-13.446991,160.14291,3
22.10202,10.1480255,3
26.466858,-19.011536,3
-119.77672,68.32637,3
166.56342,-80.844154,3
-44.766388,89.00394,3
0.052474976,161.01959,3
-173.56401,130.33936,3
60.62198,-169.20149,3
-114.02047,-41.288467,3
-2.9378204,-8.049103,3
132.25595,-170.79958,3
-8.865814,-114.68349,3
0.92401123,-0.8916931,3
-97.74301,1.6306,3
-28.57225,-41.304108,3
128.84567,-66.88091,3
80.87195,102.526215,3
-79.87105,135.61401,3
-109.7913,-20.396194,3
-155.75299,47.49167,3
86.05676,-59.4373,3
-93.922714,114.983246,3
27.347992,49.65619,3
119.38135,-32.797745,3
135.65689,-43.82054,3
160.67557,1.3135071,3
-165.35623,-41.31279,3
106.07242,-84.14599,3
154.08069,-21.233261,3
-86.437584,-77.59345,3
159.19806,-164.62721,3
-44.893463,-20.111923,3
-2.7130127,37.293167,3
17.297256,-42.44281,3
30.189346,51.706375,3
82.31195,-98.752945,3
-137.7948,20.450424,3
135.29865,131.70544,3
165.67441,-120.48273,3
123.67355,30.992981,3
-94.06491,-173.87881,3
-133.69658,73.896545,3
-72.55221,72.50073,3
-50.111237,127.469604,3
-161.73949,39.266663,3
-125.50957,101.67474,3
-109.594734,43.184174,3
-102.21105,23.33516,3
-0.030914307,139.56384,3
-26.0141,-162.93953,3
13.800522,85.5997,3
-46.319077,96.20511,3
0.51242065,-64.43253,3
152.27478,8.776016,3
-147.0855,109.38684,3
75.74835,-66.460236,3
-179.99237,-36.331863,3
17.62149,-2.9212036,3
2.8941956,-55.62358,3
72.194275,-170.49806,3
-30.233261,38.311646,3
-156.38808,116.84912,3
48.395294,87.36557,3
-12.334488,-166.42134,3
-0.25302124,26.903,3
4.9641876,102.63312,3
35.19934,-71.046135,3
-64.909874,-149.31116,3
-4.246048,157.21149,3
-55.63047,33.968826,3
-156.32304,40.06459,3
-4.733551,-147.4275,3
-1.9299774,1.8400574,3
-58.92163,70.96536,3
-153.32297,121.02734,3
11.835922,-94.61881,3
177.08679,-178.12141,3
105.32794,-20.225693,3
41.656876,99.203064,3
164.44751,43.69864,3
163.16187,-2.7264557,3
-167.47623,-28.847061,3
-156.42598,-106.08415,3
27.445908,-151.65573,3
-5.779007,145.12012,3
-104.61902,133.24683,3
-46.259216,76.63956,3
112.86243,-73.85101,3
-145.84798,73.720764,3
5.201935,141.94223,3
-104.37574,14.685867,3
-16.666107,134.4259,3
-107.095695,47.144012,3
-0.18545532,149.24069,3
-93.450676,40.732346,3
-170.98187,-142.53635,3
-162.64873,-24.98285,3
-22.029556,11.457123,3
154.79599,-73.651115,3
-66.68563,72.05063,3
29.614471,40.160248,3
-79.13858,73.30359,3
-154.00285,-88.62161,3
-88.01929,29.281204,3
-24.300034,85.640015,3
141.4654,-172.17305,3
-38.76657,134.89081,3
-125.183395,-144.02557,3
-97.27992,60.810257,3
18.964111,-178.6128,3
101.90808,-120.401955,3
125.56287,3.3435822,3
-42.13011,166.04688,3
163.45914,32.405243,3
-162.6237,-94.31611,3
143.68576,163.5365,3
-20.298065,65.911835,3
-4.198166,53.335815,3
-169.15805,-86.45792,3
-99.55889,50.58757,3
92.630035,13.066238,3
6.0716248,-112.584946,3
40.888702,-55.059196,3
-151.22952,43.70143,3
172.63342,178.89929,3
-159.25806,44.16571,3
14.07431,102.06958,3
64.296814,-125.65129,3
108.17145,82.85565,3
4.115402,-173.99069,3
89.392395,-102.26676,3
-34.91626,94.957794,3
-10.590912,-122.90014,3
-3.2344208,14.284409,3
102.10596,-103.29748,3
162.39484,153.0419,3
93.406525,-75.87444,3
-51.822678,113.24411,3
-17.888885,179.19485,3
-17.986572,153.0914,3
172.01208,11.306259,3
-45.268265,130.74689,3
-136.81992,7.832596,3
-153.10585,167.7403,3
174.47607,71.86853,3
-10.750717,133.31976,3
6.296219,-177.57755,3
160.42664,-48.46823,3
169.3169,13.421539,3
-55.349907,-24.254944,3
174.2055,7.2229156,3
148.98444,-33.797363,3
-156.06667,109.313446,3
-144.95789,-48.17633,3
-121.457794,64.65048,3
149.51074,-34.69763,3
-47.080658,-28.990417,3
51.14415,-147.5655,3
139.76065,-140.79955,3
91.54025,-69.84924,3
14.419357,-2.2313995,3
172.6976,70.966705,3
-16.607086,118.721985,3
9.426086,-176.11835,3
-135.02646,-121.22486,3
-34.765747,-161.1894,3
174.03223,120.625824,3
119.28476,-138.82239,3
161.86575,-115.43859,3
-165.28044,168.05109,3
-20.693405,160.77536,3
-13.49379,98.76068,3
38.44867,-88.69909,3
1.2687378,-8.269608,3
-4.5342407,104.72766,3
-60.284454,93.07611,3
-117.01992,-160.69554,3
-157.28517,41.151154,3
-37.780914,131.4473,3
-162.15263,43.0399,3
-77.44559,111.98065,3
-51.389343,-164.90588,3
-165.88554,13.010834,3
-60.434418,76.84241,3
-145.73889,-122.885635,3
-44.09401,-114.23631,3
-154.6218,-156.14758,3
-165.61447,-40.715546,3
-98.4884,-13.037231,3
4.3276978,110.886536,3
-12.208954,-87.34915,3
-163.48682,165.64764,3
5.910431,-91.84277,3
50.89203,-95.06174,3
-30.903778,-120.02588,3
-31.78482,-16.018906,3
113.44119,-163.1665,3
-6.3934174,158.57544,3
121.7865,-58.616776,3
4.740082,34.416855,3
93.87024,-31.54126,3
-16.920975,173.28394,3
-140.10054,34.336212,3
-131.17424,-14.354813,3
58.096436,-28.437714,3
57.805695,-104.65424,3
-5.602844,105.85727,3
173.86536,68.818634,3
-114.0208,171.59479,3
-83.8699,-145.95805,3
33.15782,-141.90273,3
-116.83452,-51.36772,3
58.41324,-163.16515,3
32.56546,-115.32429,3
-121.92552,4.7291107,3
-48.883347,61.299957,3
-8.474091,131.79633,3
12.178131,-166.40417,3
-54.079117,117.01785,3
-134.07259,110.20648,3
-155.3103,-17.97522,3
97.64975,-102.46275,3
134.51083,-176.42175,3
-36.806778,48.005203,3
-7.888153,10.990051,3
100.181305,-15.850525,3
-140.7598,53.301453,3
-1.3736877,34.32289,3
-174.1779,11.8629,3
-156.23578,22.637543,3
59.794327,-80.9228,3
-156.97316,3.7447662,3
129.49008,125.11856,3
25.932617,-87.64451,3
155.36877,-19.186111,3
-59.946777,78.26782,3
1.1065216,106.98926,3
-154.32552,88.049835,3
-22.829025,-173.88666,3
-154.39598,121.696625,3
-65.56036,84.124084,3
-81.30607,116.73831,3
-67.07984,138.6944,3
29.789154,-30.44725,3
-79.593216,52.19713,3
35.99147,-73.69115,3
92.729034,-161.00693,3
-175.14017,71.396454,3
-117.09518,31.836746,3
-128.18306,90.20227,3
85.13931,155.22275,3
27.045013,-141.3841,3
48.678574,165.47977,3
-14.07251,-37.19481,3
176.08258,-135.51878,3
137.25934,64.57939,3
-76.99675,121.25391,3
-118.26337,-70.72465,3
135.21494,-142.78688,3
78.207886,90.734924,3
-161.1991,151.55139,3
38.295258,-67.278854,3
152.62671,-16.543167,3
-7.78598,122.71744,3
-65.05134,115.214325,3
-17.125015,-146.92365,3
-14.6310425,2.9587708,3
-154.91557,6.8431854,3
63.472595,-118.55871,3
-33.46866,56.576996,3
-108.20748,-97.78468,3
-178.82745,-67.5925,3
47.763412,-98.368515,3
-6.441269,-28.81662,3
93.55722,-40.513535,3
140.86243,-5.974228,3
-22.086884,-20.260727,3
28.010513,161.9862,3
9.710083,-58.2097,3
143.4242,-48.443558,3
-122.76556,3.9078674,3
14.603027,-144.5361,3
7.5434113,-92.22732,3
1.2717133,-162.52779,3
19.48944,-16.00856,3
79.62622,-32.819504,3
-80.15745,50.874832,3
131.20972,-64.56369,3
91.12671,-176.93484,3
1.2568207,146.9909,3
79.416046,-106.85052,3
9.798904,-120.458176,3
-166.81377,-26.198303,3
-5.67717,-159.24425,3
147.33188,-149.21869,3
-94.17669,110.18445,3
147.27454,-1.4039459,3
162.71774,-125.42888,3
112.76831,101.0556,3
-81.7759,161.0437,3
143.55164,-165.8107,3
98.71524,164.56818,3
-20.69983,15.985977,3
-147.09769,99.397,3
-26.501495,149.96704,3
-48.884842,-40.77472,3
-41.437897,37.816315,3
-143.71957,-135.24692,3
59.03183,-58.74182,3
120.0578,-152.99928,3
24.552643,120.622314,3
138.92926,78.614624,3
51.571686,-56.14953,3
-62.244247,-20.741928,3
121.84851,-146.01715,3
-161.2852,129.92902,3
-156.39137,34.47406,3
5.989212,-21.740906,3
-39.341766,-8.164856,3
129.82825,-64.28698,3
-95.51772,-174.09326,3
13.014343,175.30359,3
-1.2449646,-159.53189,3
67.35104,-107.590324,3
153.51587,-128.54456,3
-13.034149,23.50879,3
52.15802,-120.35248,3
151.6831,-13.507065,3
31.38005,-141.29227,3
41.425644,-98.00462,3
26.594376,11.426468,3
119.96796,113.825806,3
-96.23189,110.81213,3
-158.01065,90.44513,3
17.21344,-54.92418,3
55.129837,120.62247,3
-49.5533,111.226685,3
91.447296,117.57968,3
-158.58691,76.71213,3
12.819412,-122.49945,3
10.023956,42.81105,3
-153.63443,-113.832016,3
59.942505,-164.95181,3
-162.67433,-93.95148,3
-77.35384,70.07486,3
46.02919,16.242706,3
40.649002,118.877686,3
39.021286,-148.58289,3
82.23474,-47.10663,3
163.01929,-123.16436,3
30.085281,-162.87029,3
-73.4211,-34.36331,3
155.1344,73.48175,3
-4.7084503,161.40906,3
-129.35968,-80.22282,3
51.380432,-37.290985,3
98.68979,-97.018265,3
-109.222275,91.97064,3
36.58252,-112.12513,3
15.813339,171.42438,3
138.9657,-33.569168,3
39.838684,-104.95458,3
137.53867,-148.03352,3
18.4404,129.78082,3
116.628815,-102.45844,3
-6.4684143,100.19412,3
127.912415,7.223572,3
-67.55908,118.0155,3
135.7901,38.15677,3
12.193283,-105.11845,3
-80.18233,-77.18284,3
11.946823,-89.19437,3
-31.182678,-22.472473,3
53.22711,-107.73658,3
-57.61335,124.96115,3
-12.128937,18.397354,3
-45.719162,-46.680115,3
-71.09218,-71.21892,3
125.36963,-38.6306,3
23.617828,-130.01102,3
-49.954376,112.15048,3
-12.478073,35.493423,3
-172.93279,94.16943,3
21.710052,-59.269836,3
-166.0052,-142.5458,3
-41.880493,-1.8618927,3
62.85782,131.73517,3
10.763077,-147.72952,3
74.911896,38.25891,3
-60.662636,-1.0932312,3
7.8035126,-118.018906,3
63.96692,-81.38292,3
132.24579,-81.516235,3
-168.71935,18.968384,3
131.74591,173.81598,3
8.311127,99.98047,3
132.06909,-31.79007,3
-72.261696,-54.927826,3
76.71994,-58.03647,3
172.50305,20.885437,3
-144.09373,38.213745,3
31.78563,70.5983,3
-116.3928,-104.55685,3
-128.27058,-138.08963,3
127.91727,-172.88461,3
-7.6653595,-2.105774,3
-137.07568,29.148285,3
50.757355,-15.458786,3
125.68402,-126.59171,3
133.82428,80.86453,3
103.571594,118.38995,3
4.680664,-38.3788,3
23.341812,-162.93564,3
177.50797,-123.113106,3
63.165756,-132.84084,3
-74.828865,7.1150665,3
27.684586,147.87143,3
89.80032,-179.3699,3
-160.70657,44.750366,3
29.9068,38.08365,3
6.3851776,-159.26877,3
-172.24121,27.921738,3
-165.20398,-57.314407,3
89.82611,-81.46117,3
-102.01836,-38.086777,3
37.42798,-158.129,3
-15.473145,60.749588,3
-13.167435,-75.21868,3
-114.20786,104.191986,3
-28.496475,83.80856,3
3.351944,116.36948,3
-17.626266,-53.56836,3
10.543518,0.20762634,3
-45.50174,-21.124924,3
-26.318481,-21.479141,3
111.545044,-126.93256,3
-169.95062,-114.4287,3
90.92734,81.26834,3
36.668243,-103.74839,3
42.275024,151.5841,3
74.701935,-59.93856,3
123.85254,13.325195,3
12.260345,71.53491,3
139.73254,40.13594,3
23.675507,-141.59029,3
0.9685211,-29.853241,3
171.99402,63.94078,3
-24.780273,-131.83061,3
-18.201721,-2.2331238,3
78.18915,-85.39916,3
-74.6397,84.669586,3
-135.93916,48.488586,3
4.884674,-36.65857,3
63.46422,-139.13626,3
159.3989,-29.215424,3
-30.245255,76.440155,3
3.9716644,23.054886,3
-151.26791,-175.06853,3
-48.186005,-109.58174,3
176.16345,167.27109,3
42.611313,118.73581,3
-104.445694,40.97107,3
-33.21826,114.11774,3
160.40808,-6.895218,3
-127.15557,-11.163513,3
4.244812,1.0662994,3
-16.19284,95.271515,3
86.12579,-151.15968,3
0.5726471,-73.77563,3
9.639175,178.13391,3
174.30444,0.45855713,3
26.690903,-43.781876,3
14.811935,-131.15115,3
-117.14185,-80.634796,3
109.47064,-158.70273,3
27.866043,-175.33623,3
-165.78868,-124.96288,3
143.33936,-48.45056,3
61.538223,-80.343666,3
144.72913,-61.508026,3
-171.8849,24.869888,3
27.293457,30.822815,3
8.707794,175.90741,3
-23.257675,59.851456,3
88.609955,-96.801445,3
-139.40427,48.15393,3
-11.615524,10.287628,3
105.6142,-66.62545,3
89.695465,10.855392,3
177.26202,-38.291367,3
173.23541,-74.5888,3
-158.25853,61.357834,3
-10.672424,90.33859,3
-17.03444,-153.23657,3
127.638855,35.878204,3
138.25644,-109.44203,3
-84.197586,-153.08086,3
-74.70312,138.64236,3
178.26971,-106.159386,3
169.18842,-167.18568,3
137.90115,-8.418457,3
121.11914,-29.624176,3
161.7609,63.89505,3
68.613434,-126.963646,3
-140.47124,4.8756256,3
168.18918,1.9870148,3
-113.62586,60.78505,3
140.46771,-1.5484924,3
-179.75304,-7.0953827,3
3.3680115,-109.32596,3
-75.93003,-21.565018,3
38.160706,-22.262787,3
21.032104,43.91751,3
2.2165527,-163.83899,3
-1.6216431,-1.9241638,3
68.851135,-165.1263,3
-46.249496,0.055358887,3
-148.53877,-6.332489,3
-158.2432,149.81085,3
13.135193,-4.2661743,3
118.25958,146.8432,3
127.431854,-111.67615,3
168.62073,-42.82892,3
-108.16534,-6.1314087,3
-101.55523,101.19046,3
63.459442,148.15671,3
-18.463562,-41.979996,3
-18.217163,23.502457,3
44.259537,29.499771,3
-31.164871,50.95996,3
7.0644073,88.950745,3
10.273163,-84.80328,3
140.51385,16.493866,3
-20.329514,-60.90339,3
-81.85874,30.505707,3
-152.2174,13.626816,3
-2.6628723,-18.565628,3
-67.60263,88.52194,3
83.01227,-128.22809,3
24.012482,4.7963257,3
110.675415,-16.384521,3
-174.6368,-11.438675,3
147.08545,2.9724731,3
-5.5023956,125.41321,3
-88.507645,31.426392,3
-114.47955,-98.896286,3
-122.010124,49.621964,3
-28.499756,126.71948,3
-103.69197,-63.897247,3
-72.23721,-170.87045,3
121.467926,-131.1861,3
-123.75494,127.59741,3
-2.5514526,20.499313,3
3.6359253,31.069763,3
-171.22614,68.58948,3
-0.21369934,28.643127,3
35.64453,27.582794,3
154.89188,29.57222,3
155.88306,-146.94778,3
-161.01915,22.247253,3
160.45972,-18.935608,3
19.99118,-13.015121,3
-42.654526,28.585526,3
9.969254,-6.650345,3
-18.51381,-2.0041199,3
1.387558,160.96735,3
-0.76220703,-143.18726,3
139.96747,-21.526428,3
-95.56739,-155.83372,3
34.35089,-60.1893,3
155.09045,172.64328,3
-143.01582,29.55597,3
-52.79088,-48.193726,3
119.671814,-141.53716,3
102.933105,-158.24458,3
168.43555,-121.41476,3
-133.65192,-94.250305,3
-176.95781,-128.83615,3
123.090454,24.958267,3
41.64763,-120.62081,3
71.921844,-100.87355,3
70.395096,-53.79297,3
55.62532,-2.019806,3
-6.889084,166.12866,3
-126.28867,-81.06148,3
155.69925,-10.861404,3
20.122528,-26.308655,3
144.59851,-141.61319,3
-2.6898956,-45.773422,3
164.45605,2.8766174,3
85.544586,31.558685,3
-148.73248,130.13058,3
-173.10999,-5.2557526,3
-112.52582,-116.4955,3
-34.000443,55.466217,3
142.6026,26.1772,3
133.76962,15.050308,3
2.791031,-133.66817,3
8.354858,162.05219,3
161.72452,24.340775,3
-177.2211,-24.516418,3
-77.287155,-101.505486,3
21.41072,132.61017,3
-177.16856,-104.836555,3
-131.1492,15.974457,3
-112.572685,92.68741,3
95.04614,-15.056793,3
68.7959,-137.2199,3
-78.810486,-6.768997,3
-165.16858,-53.660477,3
-177.32474,-14.534363,3
154.0586,114.89923,3
-82.96377,-47.32094,3
14.247162,-26.1707,3
148.42334,-9.785095,3
154.04248,-23.527618,3
-82.08806,167.0246,3
-10.300125,-38.25226,3
165.17548,75.55904,3
35.648712,-58.596146,3
-88.85982,129.98907,3
11.113037,-53.20952,3
106.47424,-75.83371,3
178.78333,-136.86632,3
134.98358,-38.131897,3
-19.697876,-13.451752,3
38.510895,85.113525,3
-102.34662,30.315079,3
-152.03299,-147.25165,3
117.49194,-124.51599,3
-90.91412,50.330612,3
70.52289,-24.30655,3
-54.282333,-60.307884,3
76.565094,-93.493385,3
165.40643,-51.11911,3
-9.695267,-2.113678,3
151.3327,35.989044,3
78.674255,-152.31291,3
93.502045,-122.417305,3
107.078186,-124.29662,3
77.23169,-2.654663,3
-106.422745,116.84146,3
-2.9289246,-31.613861,3
17.846313,11.116196,3
-125.86019,-1.1614227,3
-9.221298,-6.9224243,3
30.752167,-106.24861,3
44.868652,17.802658,3
168.67786,-177.59361,3
65.7446,-19.036285,3
166.5318,-103.17966,3
-66.96187,18.266739,3
-67.61558,166.4682,3
-88.00017,101.582,3
-159.17906,31.762665,3
-174.64902,-141.2587,3
-31.40709,118.53677,3
21.747833,-167.20862,3
33.604614,-168.9357,3
-10.367462,68.8432,3
-2.050888,-53.23207,3
2.9043884,11.427002,3
5.3159027,21.473114,3
4.9328003,-175.36308,3
-98.26107,33.2437,3
44.550934,-129.29378,3
20.241028,-150.74599,3
-7.2187347,-23.69487,3
163.47256,144.61496,3
85.425995,-108.84302,3
-56.408737,154.00934,3
18.581177,9.468033,3
-114.64287,68.46524,3
8.031006,-121.10794,3
171.80206,13.290588,3
-20.435791,145.5376,3
65.72357,-116.73222,3
129.29199,-35.209106,3
-65.672005,-50.7417,3
26.382599,14.866318,3
31.082703,-76.44887,3
-169.76424,39.89119,3
67.81952,-75.23174,3
57.278534,-163.42134,3
-119.601974,-108.71631,3
22.84459,-176.08656,3
21.731155,6.179489,3
19.74559,-62.131767,3
43.65506,-110.90486,3
0.751709,-143.72444,3
-160.04993,140.68646,3
170.6875,-1.9868774,3
122.088806,-107.87472,3
131.84644,169.45123,3
52.31781,-126.992966,3
-154.31711,10.32457,3
-48.162354,42.32367,3
88.199005,23.789307,3
42.86766,-80.63728,3
-23.044159,-120.66064,3
-126.54718,103.21274,3
-15.645523,174.37564,3
-63.949905,23.530487,3
106.89575,-101.61038,3
6.352005,-177.5768,3
-112.72318,47.25157,3
161.95776,19.678604,3
-26.135681,75.93768,3
148.57587,-29.444138,3
-152.79857,-179.79793,3
171.87814,165.98279,3
179.69705,-166.29764,3
57.686813,78.905426,3
-154.37044,-18.435287,3
176.45135,175.81366,3
-168.95267,-92.54309,3
-69.44001,83.62262,3
-15.758026,89.42395,3
7.760788,-22.476944,3
40.914093,73.67331,3
-111.26541,-107.52061,3
166.12488,101.452484,3
-81.37318,30.090607,3
-12.614441,168.89673,3
170.65643,17.843552,3
-84.006775,-115.93322,3
171.5138,-21.054993,3
28.628174,110.50311,3
-90.528076,-137.14105,3
-12.312256,162.23956,3
13.091537,52.090393,3
-150.36107,13.741837,3
50.34494,-119.41038,3
-174.60493,9.839157,3
159.76239,38.417374,3
143.3287,-17.00415,3
165.71674,-106.59085,3
-3.2623749,161.94061,3
153.2472,-53.25003,3
-163.90363,23.570679,3
-100.08599,12.712372,3
-53.939026,25.776031,3
-139.37967,11.806686,3
4.9276886,-44.34729,3
-132.5017,177.89227,3
105.798065,-86.35437,3
-60.228416,-88.28659,3
159.60962,-146.1483,3
-139.91301,-0.5605774,3
90.85617,-131.13145,3
-1.6937103,154.36804,3
145.34662,-56.581757,3
-84.118835,165.3393,3
17.116928,-124.48638,3
-163.56763,24.279053,3
-3.4831543,-25.856567,3
1.0608673,167.05075,3
-0.8076172,-141.29652,3
66.803925,-22.9832,3
-126.64641,16.37622,3
75.46634,-98.89515,3
160.09271,-110.47174,3
73.25946,-113.85797,3
113.04312,135.02753,3
48.563736,29.112366,3
5.393387,90.67743,3
-179.5113,-0.86099243,3
26.21962,-161.4035,3
139.93323,-80.86156,3
-30.864716,173.73761,3
28.497635,-60.562866,3
-70.16451,5.049362,3
26.67871,179.75531,3
-58.480072,33.640488,3
176.8247,175.63522,3
176.40247,-34.985565,3
-165.80212,-7.838928,3
-9.334274,138.16696,3
-132.17717,-15.504608,3
-48.156708,-41.64737,3
2.1687775,-42.935745,3
17.894363,157.41058,3
52.753326,31.856949,3
-17.453262,139.3244,3
138.95132,-115.15414,3
104.91379,77.85574,3
-86.3327,107.735504,3
153.46219,-26.859802,3
178.67432,-78.96264,3
-139.92175,44.56395,3
-11.15239,102.05255,3
136.66064,-88.085655,3
-10.256607,-156.11624,3
-12.502594,-64.55637,3
-24.292068,-161.05139,3
-38.694717,136.7702,3
0.041366577,-143.54913,3
34.07425,71.11508,3
-174.00111,51.23825,3
-99.58377,100.43384,3
169.23071,-169.87245,3
120.7453,-77.47595,3
-167.95442,-99.02714,3
136.58847,-120.30711,3
96.8909,-94.4949,3
40.287537,97.28378,3
32.16263,38.953125,3
161.54797,66.16763,3
-15.587418,-72.71857,3
-127.49249,-121.56496,3
126.77338,162.60965,3
-110.983345,43.79776,3
-103.036156,78.66281,3
-95.36076,-132.38432,3
66.759796,-126.417015,3
-122.99475,169.8229,3
-45.042908,122.47162,3
162.01282,17.00969,3
-127.30086,42.37732,3
112.7829,-31.357758,3
58.773712,48.242676,3
77.55969,-104.781624,3
-16.522568,52.64624,3
155.95544,12.749313,3
-155.94116,-7.7146606,3
38.166595,-127.183525,3
-76.43247,-66.417046,3
-68.049965,-91.94711,3
18.131332,3.1093292,3
-133.68924,-135.74475,3
-7.7637024,-37.68654,3
-52.231888,-110.37355,3
-29.010086,102.23102,3
-94.43626,90.19702,3
174.48114,106.72742,3
-157.21054,-10.349014,3
-8.226456,-138.4868,3
-126.75127,109.09082,3
116.050354,152.73944,3
-137.83638,151.67267,3
105.13342,36.084717,3
160.52432,-23.180374,3
-34.9151,96.21628,3
-69.2239,102.82962,3
52.05774,175.32834,3
45.37825,-80.17749,3
4.01709,-10.2421875,3
-56.61171,-138.42842,3
-23.06578,116.893616,3
-0.8477478,-100.2671,3
101.058716,-159.7841,3
-13.090454,148.73624,3
106.93756,146.71503,3
31.300812,-153.13,3
-12.031586,111.424164,3
-138.73668,174.4104,3
-174.64452,42.409058,3
18.443695,-157.31058,3
131.15738,103.13928,3
-57.076485,124.21661,3
73.134476,-24.096619,3
38.63536,6.505829,3
-132.5758,125.15289,3
4.5877686,-171.07477,3
-26.55484,146.53256,3
20.47934,-0.17845154,3
104.50647,82.9657,3
-164.41347,38.51317,3
8.495987,39.90152,3
98.2912,95.41568,3
-22.124435,-62.73468,3
44.707306,-7.218384,3
-158.94232,18.990967,3
-65.11176,120.16492,3
56.73526,-120.09525,3
151.79324,-104.67049,3
46.310684,-107.24466,3
-26.390213,42.263214,3
-52.169037,69.573,3
-50.899246,-52.63923,3
-97.13686,34.013397,3
5.4217377,0.8413696,3
-4.6399536,67.87485,3
17.566498,-169.3277,3
-11.929703,-173.67726,3
139.89444,121.66815,3
117.27338,-106.77024,3
66.70685,-151.58148,3
25.121704,-160.76155,3
165.46487,-10.323837,3
-6.9884186,-101.18139,3
73.94612,-106.64123,3
-32.32576,126.20773,3
119.468414,11.147461,3
-48.95369,-2.70195,3
104.3616,145.55005,3
75.92569,119.601685,3
-16.84761,78.244995,3
-176.41843,-1.4617767,3
-177.77455,-124.114555,3
43.113678,-5.5299835,3
-38.458344,70.85484,3
165.12854,89.74188,3
-150.46231,30.211578,3
58.470093,119.74591,3
-130.38672,171.64648,3
60.886322,-57.860123,3
-171.29346,1.7928162,3
-61.77845,74.372894,3
-145.23563,43.06241,3
-56.955902,-35.41693,3
-10.651901,-5.124817,3
133.65881,117.66379,3
-62.16716,-151.75877,3
67.63345,40.33307,3
-120.94622,79.21353,3
59.86502,-36.605576,3
-34.449677,109.82361,3
-161.4553,104.59555,3
7.637253,16.2789,3
81.49371,-93.985,3
-5.3842163,77.34622,3
155.00043,-58.859375,3
177.32712,-31.682037,3
-33.82321,155.64703,3
139.29181,0.27409363,3
-112.885216,-75.91067,3
6.9150696,148.44934,3
74.01022,-92.6309,3
164.04001,-16.552963,3
26.453964,-87.352356,3
158.4776,-3.597824,3
-121.03274,14.630127,3
-0.069366455,-45.65663,3
53.440063,-34.20279,3
-93.93153,-92.47534,3
138.64627,-74.05088,3
-70.26142,-86.90667,3
-42.04637,35.15216,3
-77.36993,106.32141,3
-160.75174,-33.32094,3
84.832275,-109.62232,3
4.5800323,-163.5069,3
147.52057,24.965332,3
88.55597,-117.60377,3
145.83038,-3.1912994,3
-164.20934,45.332367,3
-4.107498,58.02304,3
124.48956,-152.22076,3
1.9917755,99.47366,3
-153.99979,112.908966,3
-176.92032,-21.762573,3
-22.774261,-67.1133,3
122.19922,-79.677124,3
40.857544,13.8680725,3
-127.24758,-53.20578,3
4.3427734,134.02661,3
170.86273,-70.99922,3
-174.89726,-1.9391022,3
-82.288826,18.77127,3
15.930878,-138.76776,3
-13.469757,-169.29045,3
-154.85454,66.97565,3
106.15979,141.95132,3
74.72409,-144.85274,3
94.116516,-174.95987,3
65.871796,-146.27681,3
47.25769,112.82211,3
-2.9165344,10.452698,3
-170.46603,15.9136505,3
-137.49493,168.10406,3
-36.699387,27.285156,3
179.89142,66.01453,3
-133.93912,67.84601,3
-62.119583,-49.568863,3
-19.01915,162.81332,3
-10.4387665,164.6724,3
138.8291,-40.003036,3
-164.63689,144.35251,3
177.73529,-179.63872,6
12.155746,0.5396576,6
83.6311,-73.736496,6
42.415527,-41.659576,6
-115.06017,109.32092,6
-39.871475,-70.75386,6
132.76154,22.92775,6
8.59848,152.36673,6
-7.3819885,-172.12645,6
-122.61305,-28.635162,6
-147.63121,120.383606,6
-104.08632,155.29626,6
98.43878,-2.879776,6
13.8759,3.4714508,6
178.41675,-18.626892,6
-42.078888,14.820358,6
146.34528,0.36520386,6
18.221695,-159.76523,6
-121.543335,120.44678,6
108.5199,-1.228241,6
134.54431,-112.746635,6
-8.786224,-97.90141,6
-149.6659,-65.21046,6
44.607574,61.904358,6
-177.06517,87.930115,6
27.742706,32.943207,6
-56.873672,-29.918976,6
2.8877258,0.48425293,6
-80.29847,133.52658,6
13.467056,111.56378,6
-68.47894,160.83691,6
-169.77052,-0.11727905,6
173.43137,124.28244,6
-10.479095,-102.34832,6
-138.50362,92.23099,6
120.135925,-15.02977,6
-91.96738,-48.554016,6
15.300232,11.513382,6
-155.81522,3.0340576,6
-64.933075,95.401825,6
-9.027695,79.22412,6
51.165375,117.812225,6
-156.05334,40.25255,6
-42.27664,67.063965,6
-7.6200714,2.1143188,6
119.49335,3.0820465,6
96.76291,-30.58252,6
58.696884,-10.43074,6
-60.86682,131.47772,6
-152.97841,-158.81517,6
47.927124,41.25441,6
26.53543,-35.104675,6
159.47992,-140.32953,6
-9.581497,22.6819,6
-39.089005,-98.41046,6
120.65152,96.73886,6
15.327652,78.484406,6
-27.779648,109.87558,6
20.778412,-0.58621216,6
9.511551,-14.703522,6
105.39349,-89.097984,6
30.103745,5.345688,6
-154.41225,-41.31424,6
-59.659454,-45.306274,6
-142.86781,11.866898,6
10.563782,-87.966995,6
47.335648,50.201828,6
-16.73056,170.8465,6
9.244568,-5.3820343,6
5.671158,-36.54503,6
15.062668,-9.170242,6
28.350113,-14.698822,6
-6.1277924,-168.75508,6
-25.193634,-140.09845,6
75.56711,-116.86202,6
69.54207,-9.445877,6
88.51822,-61.24402,6
-54.245255,45.929367,6
162.70114,-105.35791,6
4.266983,58.45662,6
132.91534,-51.779373,6
6.0608215,-8.818497,6
-142.6224,57.643143,6
81.77731,-41.18158,6
-109.16847,131.3623,6
11.995041,176.92426,6
-97.15185,-131.46072,6
-17.443588,-99.95272,6
6.6807404,-124.91801,6
148.8605,-8.450958,6
72.324005,150.59195,6
-164.4066,17.610031,6
78.35443,29.9001,6
174.21869,56.63086,6
-141.06985,104.98239,6
-1.9330444,-70.79912,6
19.099365,-110.50991,6
-33.214203,29.520767,6
8.988464,10.833649,6
139.55728,-13.3654785,6
-108.63164,11.261337,6
19.516434,-137.31355,6
-43.081604,-93.818184,6
5.910568,-1.3963013,6
-51.193436,-18.2677,6
58.51477,30.186981,6
-88.22257,-128.09395,6
55.729126,74.80209,6
168.23349,-22.667206,6
2.2496033,8.674072,6
120.85535,15.763718,6
-97.45782,101.21365,6
177.01343,17.487503,6
23.041595,-64.764626,6
36.5455,-131.26785,6
-4.856262,167.5329,6
120.88925,-67.68217,6
-114.39125,-150.47325,6
105.43033,158.37756,6
-21.600876,40.853012,6
133.55435,-96.93,6
72.69928,-115.82592,6
-11.586945,-7.5959015,6
-35.826797,108.22293,6
-160.1827,-147.72412,6
16.38507,44.78264,6
7.5092773,156.12082,6
-0.7532196,101.910126,6
70.734436,-2.7751465,6
-51.90619,89.73129,6
-124.903175,-0.09812927,6
-23.268814,-94.30118,6
-2.3070068,-8.302383,6
-36.468994,51.8515,6
-37.57538,-60.48114,6
13.105774,-28.9693,6
-44.005035,53.847717,6
53.932266,124.72977,6
29.77806,-23.637985,6
-137.17357,-3.5431976,6
59.70523,0.15615845,6
-174.62251,-26.146057,6
-61.308334,69.61978,6
-93.701645,-83.6273,6
1.9668732,-71.69722,6
-10.562561,159.7024,6
2.3977356,157.09735,6
-8.755768,-102.10851,6
10.300049,82.92746,6
5.6638947,-170.5321,6
-96.78472,-53.974945,6
-55.43132,36.647522,6
-19.124573,-133.50749,6
-84.98351,-53.601868,6
58.31639,24.91298,6
-155.98096,-156.73277,6
173.3201,-71.36722,6
9.260452,4.991623,6
-91.68081,3.5412445,6
94.404175,-27.988144,6
-57.25328,114.94833,6
124.87344,-160.93431,6
8.999985,-85.12312,6
43.87094,34.134583,6
-45.070892,176.72095,6
18.733185,-154.6197,6
55.300613,-152.13422,6
6.7601166,54.807373,6
-69.98423,37.608047,6
-145.477,123.33182,6
132.41809,-99.029655,6
32.567078,20.473175,6
-35.98352,-149.0955,6
92.59177,10.865219,6
-40.62677,151.76477,6
20.27121,-163.73508,6
-164.43518,14.296463,6
-98.53405,24.940659,6
-77.167946,-167.97195,6
94.201904,-43.733185,6
175.57361,-4.8152924,6
116.753784,12.866058,6
19.136429,7.900238,6
-44.33481,7.1795044,6
1.621582,59.02394,6
87.55707,76.44409,6
0.04168701,-95.80451,6
-30.49501,-136.56108,6
-8.391998,13.886627,6
81.4881,-28.576263,6
15.381165,-113.29591,6
6.574356,34.593582,6
-38.430298,151.31876,6
179.974,-179.10722,6
15.122162,-169.37616,6
-84.10206,22.568954,6
-89.37496,177.93573,6
-8.127518,-167.65569,6
-39.058167,-50.20781,6
-80.138084,-137.38245,6
-4.7801514,-35.483826,6
26.881699,114.12076,6
148.90082,-115.53126,6
47.76796,175.32275,6
-31.609009,18.209122,6
-95.043915,-139.33467,6
12.629684,0.079559326,6
34.445923,1.9116516,6
36.265717,14.68959,6
44.734406,159.11108,6
55.588654,-108.912094,6
3.6075287,170.20407,6
56.289642,-94.421646,6
43.127808,-89.086586,6
122.67264,9.649994,6
40.94467,-37.711792,6
37.477325,55.26584,6
-5.6544647,-24.547028,6
-90.66786,-11.07547,6
37.145752,-17.239822,6
6.8445587,31.483826,6
44.247192,-6.480438,6
111.23187,-154.05994,6
-35.17749,-41.11902,6
30.993347,-49.209946,6
-151.77411,-88.02357,6
-175.77875,13.297852,6
-82.075455,76.15851,6
98.612305,-100.07502,6
79.00952,22.525375,6
-15.259567,121.35773,6
-4.483429,37.47792,6
174.64413,-112.9308,6
36.595047,-12.134323,6
25.85028,-51.142166,6
112.33661,56.554276,6
138.54413,-164.45024,6
-18.092102,-33.80435,6
-141.95093,-24.2753,6
-168.87114,12.136475,6
62.046875,-137.8719,6
-81.693726,23.6333,6
165.95697,115.13837,6
65.15527,-47.680786,6
40.054657,-109.38211,6
21.70662,-2.6881561,6
177.28253,-57.495804,6
114.01633,2.3188324,6
-7.964035,-31.420029,6
-109.13482,-9.400818,6
98.61026,-78.07507,6
92.57303,28.938995,6
61.91327,-14.802673,6
152.7864,105.06445,6
-105.68364,120.31833,6
-92.39578,31.041412,6
-28.780533,-68.298676,6
-91.562546,10.732986,6
157.08685,174.19318,6
-37.91037,166.02423,6
-2.247589,32.87384,6
28.939941,-176.53476,6
100.33362,-112.27381,6
-9.13559,29.253326,6
0.34033203,15.179703,6
1.4819031,-57.896835,6
34.150482,-106.6916,6
179.26553,-179.37444,6
-162.57912,70.76602,6
-89.46045,162.20718,6
-16.362823,98.68985,6
19.394806,25.684525,6
9.139435,-0.31103516,6
94.61386,-81.88958,6
54.852676,-177.991,6
123.02081,104.29849,6
25.069855,112.98935,6
51.828796,6.3434906,6
77.85852,-71.15339,6
170.69455,-32.453156,6
-40.609848,134.6217,6
-157.81972,4.569519,6
0.15052795,174.23462,6
-30.207611,156.67139,6
-131.9013,14.077225,6
93.26407,-120.82487,6
154.73141,-42.907974,6
56.589264,-101.9138,6
150.41064,155.48715,6
120.476654,25.776154,6
130.1261,21.73758,6
-54.629738,-3.0250702,6
30.129013,150.05835,6
168.44763,100.36676,6
47.814056,-20.069168,6
-16.170593,-7.170334,6
131.3392,15.637344,6
-147.20178,0.24737549,6
-58.779808,-141.57774,6
-87.39923,66.20473,6
-12.99913,-3.4585419,6
26.357819,-121.730934,6
-8.969315,74.5574,6
-158.17383,-161.0103,6
26.03151,174.24237,6
2.660965,48.08383,6
48.276825,-3.1618195,6
-63.174194,113.58588,6
-56.715538,69.392334,6
177.16339,-9.766998,6
19.474747,4.734009,6
-85.82588,-0.68559265,6
28.246185,-124.41727,6
-154.84657,53.16307,6
166.22711,-95.47346,6
-2.3839111,-12.343536,6
-1.4559174,61.63423,6
97.28406,-37.06102,6
147.16382,-110.54006,6
25.92044,88.56348,6
3.884369,-72.7932,6
150.1333,-135.88695,6
156.3624,97.67554,6
-160.10878,42.26265,6
61.455963,24.47609,6
-84.17658,105.98465,6
-151.63762,2.1554413,6
-87.72574,-84.14541,6
61.146866,-157.47084,6
31.72023,-12.904175,6
56.860443,-116.17201,6
-52.421448,74.27023,6
81.09161,-85.78481,6
-171.17699,85.76465,6
-75.98217,-131.6409,6
-40.973267,77.734436,6
-6.1056976,132.87067,6
144.31396,110.203156,6
-139.51488,2.9203339,6
-26.500153,21.314835,6
-133.36627,116.872345,6
66.338806,139.69131,6
-75.2646,144.28455,6
-136.71153,-159.66313,6
72.95468,19.628204,6
-128.51804,-24.150864,6
163.84021,-163.04648,6
15.380524,16.83783,6
31.804398,-51.924515,6
-80.34235,-79.76022,6
-45.976196,25.881332,6
-85.27327,-84.10296,6
-14.735016,7.995682,6
-63.79528,-5.357971,6
10.123566,-63.337708,6
162.41803,-172.73734,6
-177.77986,-44.34294,6
12.472107,170.26373,6
-50.082306,147.62335,6
102.33899,-141.79677,6
67.12457,64.354034,6
-25.458588,-83.045906,6
-21.035477,57.81369,6
-148.11235,58.749878,6
134.04657,177.36578,6
174.31659,-93.18703,6
72.029236,-2.5372772,6
-23.44429,-143.65498,6
-164.78377,-7.859665,6
-153.69551,-29.168655,6
-41.800354,-66.42713,6
88.77356,-13.878326,6
26.32022,-111.65845,6
168.32352,-7.408249,6
96.70621,147.29974,6
-108.32215,100.95868,6
144.28796,-16.708664,6
19.558228,-7.5099792,6
-118.635864,-152.34227,6
145.0448,6.87854,6
-6.814911,179.66269,6
0.7063904,-2.9205627,6
-148.74466,68.26126,6
15.777985,133.06274,6
-34.706497,-9.655487,6
82.07703,-105.543045,6
125.6304,-109.75906,6
-23.645233,171.51501,6
33.72574,25.998672,6
52.50287,-8.465271,6
167.97754,-27.064957,6
127.128845,-21.171906,6
-22.630707,101.51346,6
136.04138,18.268951,6
-111.47561,133.62653,6
75.73863,7.987259,6
159.65265,156.30426,6
87.15082,-108.66307,6
133.37842,164.43292,6
66.30844,-7.403,6
30.958008,19.26799,6
-10.379639,164.34515,6
-45.5094,97.52933,6
171.54266,0.8504486,6
60.03183,86.41446,6
34.654037,-3.279602,6
163.99554,-132.23828,6
-87.12389,59.100876,6
6.6177063,6.382492,6
11.678986,26.105042,6
-48.895172,-158.61177,6
59.962555,146.88773,6
-5.970688,-124.95141,6
-18.27655,-45.706543,6
-7.637909,138.4884,6
122.05234,-20.821655,6
-13.522491,-18.778412,6
-119.71176,79.80612,6
17.99353,-1.7529602,6
-21.44072,-60.626953,6
-142.57195,9.328217,6
3.9132843,10.140076,6
100.02438,-6.3161774,6
33.259567,-114.712585,6
169.04523,-15.975769,6
-94.233246,-72.29582,6
-63.605377,-22.910645,6
-9.414291,157.11597,6
-31.464874,18.588623,6
3.9696503,-1.8240814,6
58.39644,-20.095123,6
-1.1447601,-63.78785,6
-164.14777,31.817566,6
135.12967,-140.24715,6
-124.80972,-10.622528,6
156.7456,-133.15422,6
33.57184,22.023407,6
173.1008,-13.428375,6
106.07367,-119.33723,6
-5.870697,18.234573,6
169.75864,-116.44551,6
-122.19624,31.243088,6
37.16574,150.76334,6
-87.777794,25.647644,6
134.52673,-20.590118,6
-132.12737,45.701477,6
-79.13754,77.68463,6
110.40405,-128.55206,6
-38.513794,31.959198,6
78.3786,-70.68868,6
109.065704,-72.33009,6
109.68384,23.579758,6
-4.0798187,-2.9037933,6
0.3118286,-3.2599792,6
-45.863846,17.516739,6
19.660904,-112.227875,6
137.38647,5.138092,6
-103.44591,152.14917,6
-134.40733,26.056152,6
-17.797806,152.03372,6
-10.222992,-156.57533,6
155.95273,-31.9514,6
-43.119827,59.011078,6
82.823425,-79.38195,6
176.21606,-179.26595,6
43.734634,-119.42845,6
17.917526,124.66327,6
-164.28798,10.652222,6
55.84474,-112.26784,6
108.30136,11.120789,6
35.32332,-44.85309,6
-31.102615,52.16597,6
146.19647,145.98154,6
-72.02657,42.221237,6
-58.317734,-49.891815,6
87.80084,-23.202744,6
46.922333,164.4107,6
-161.37164,20.01892,6
-163.79593,-103.57089,6
-82.525154,104.47937,6
-0.5080719,-118.70984,6
0.055725098,-14.905029,6
111.89783,7.924881,6
16.449097,-62.24086,6
-0.6116028,9.203903,6
-6.1571045,3.542862,6
14.994019,11.551483,6
160.16629,-3.1101532,6
7.5693665,150.99475,6
-78.14089,4.095215,6
0.31654358,5.2562256,6
-4.5303497,13.596542,6
15.565186,-120.88428,6
-81.325645,-27.252151,6
122.55322,23.159393,6
-56.682022,126.81778,6
-20.94992,-176.81802,6
50.100754,-47.326447,6
-96.10752,67.31482,6
77.3121,-91.74748,6
20.578918,119.64728,6
-18.458557,175.0946,6
162.08417,-122.65477,6
8.552826,-10.254654,6
84.34784,104.98218,6
-11.954788,132.45593,6
162.20135,22.933563,6
-151.50772,-16.269608,6
6.899124,-32.118774,6
-80.318596,89.18283,6
99.63324,-73.07123,6
9.868423,-174.88573,6
-66.83482,179.31485,6
57.0932,-133.32622,6
4.437042,4.5418396,6
-3.66745,127.10129,6
-84.30343,2.3784637,6
-42.389267,101.640015,6
10.690048,30.011688,6
100.178955,11.181259,6
-102.227325,34.619736,6
39.49156,-178.59062,6
-140.84775,-60.773224,6
-35.95523,19.60936,6
-54.181625,15.370865,6
1.8610992,178.37827,6
122.52411,174.60919,6
117.811676,19.554611,6
-30.190308,-76.24843,6
-13.005554,107.31781,6
69.76309,-110.1836,6
-19.912964,-110.60374,6
-10.8806,-111.93684,6
-25.701355,-53.586792,6
-6.867157,94.37842,6
-20.945374,173.99805,6
165.98862,-9.918335,6
166.77225,-9.209686,6
18.737915,-5.639023,6
-17.77295,16.966263,6
25.377518,-52.342926,6
-9.495178,62.697403,6
33.3058,97.934265,6
173.25287,59.066498,6
22.250015,-136.02122,6
1.7602234,9.250504,6
38.471268,-4.202286,6
76.52301,-30.623001,6
-57.19557,-9.067444,6
-102.71893,158.54388,6
53.94438,-25.398804,6
-114.85057,5.9493103,6
-43.433502,-124.66409,6
158.35281,53.06981,6
-56.513283,-42.52072,6
-61.906113,81.13327,6
141.32318,-118.59314,6
-174.84338,9.243851,6
56.71872,-84.99322,6
13.374573,-56.87419,6
-32.917267,123.31015,6
38.99092,22.475143,6
68.27316,109.24271,6
16.628983,0.010848999,6
162.36365,28.089935,6
-89.40592,42.588562,6
19.383331,-171.67244,6
-2.272293,-23.61914,6
33.930267,-167.60083,6
-150.82292,-79.7114,6
-11.619461,-146.05107,6
-35.134003,8.559113,6
31.705917,-6.006378,6
-24.033325,-44.447205,6
-80.13611,19.778687,6
-42.57321,150.53082,6
94.18756,90.85443,6
-130.03654,44.568268,6
107.63324,-76.44644,6
60.64293,-79.5832,6
131.4357,97.11359,6
157.42337,153.26508,6
88.296936,7.6655884,6
-17.555527,-10.618668,6
-117.99492,-93.31653,6
133.42462,-57.48796,6
7.168503,-25.357727,6
168.01013,3.0319061,6
-10.429733,-6.362335,6
-46.988434,102.07617,6
27.609268,9.786591,6
-112.61179,-0.7116394,6
131.25497,8.695709,6
172.95697,-20.692352,6
-20.530151,-66.739845,6
-103.53599,-54.45043,6
-35.483643,-26.741486,6
-1.0114594,-174.07695,6
138.32178,-36.715576,6
-55.38777,74.63333,6
0.6117554,-175.6535,6
35.8591,162.74567,6
-169.94322,-0.49822998,6
11.8463745,-3.9230347,6
153.5155,73.05525,6
9.37233,8.450745,6
-14.714584,130.44244,6
39.888336,-139.4054,6
56.43289,138.34476,6
-27.960052,168.28705,6
122.01019,148.06549,6
155.55563,-45.720154,6
8.672028,-136.28125,6
-84.87959,68.19968,6
-28.36206,30.846573,6
75.080734,-3.7458649,6
-171.80157,7.6740723,6
94.82843,55.20334,6
143.8703,-7.2783813,6
88.65588,-15.414185,6
6.8115845,-17.134262,6
-3.0848083,79.27496,6
132.5971,0.18266296,6
10.816406,1.7594147,6
-21.724792,-92.39699,6
7.5138855,19.581436,6
55.54254,-125.76425,6
-33.788834,11.945694,6
-130.95416,81.87668,6
111.51056,5.1825867,6
-144.60913,58.914948,6
-136.1769,-68.27254,6
48.966904,52.3275,6
-11.809586,61.649933,6
21.293808,76.477905,6
87.28424,-51.773834,6
-124.28268,96.44522,6
12.621124,30.47995,6
-102.721504,40.289307,6
-32.125763,-42.870544,6
83.54846,127.59653,6
50.88466,-3.212326,6
-7.9732056,-44.594284,6
146.95728,-36.938828,6
-20.012497,98.39862,6
33.459564,-105.27584,6
-29.347443,-60.61084,6
8.63942,6.0001984,6
1.7848053,-33.516647,6
-178.91083,146.74817,6
-7.908249,-37.558365,6
91.60272,49.449158,6
50.885513,-113.72989,6
-83.92712,-162.03615,6
151.29224,-34.871216,6
1.5591736,36.686234,6
-31.606705,-127.09343,6
63.92656,-23.914444,6
-1.1728821,37.167725,6
-5.871887,40.51532,6
-26.74852,101.752045,6
7.071274,16.366714,6
-0.6253052,0.9129181,6
174.69183,40.565536,6
-7.964676,45.53688,6
-91.967766,19.250366,6
167.4227,96.854034,6
-32.918488,-113.714165,6
47.665375,-118.95931,6
-6.432129,56.78122,6
118.74014,-76.374115,6
78.46127,7.459564,6
37.500946,9.200027,6
26.707443,68.33276,6
-173.6362,-107.57668,6
16.816132,-156.06223,6
-9.384506,-52.59989,6
-6.3595276,13.451691,6
111.565674,-179.64465,6
45.63858,-19.719727,6
172.1745,-53.283905,6
156.67706,-88.98428,6
-86.72039,-81.633995,6
-101.72542,-2.96167,6
62.376053,-124.09151,6
1.4313049,9.232574,6
-120.89163,-5.1204987,6
-14.170639,171.79489,6
-129.11711,167.07007,6
-75.87103,44.649475,6
-103.17414,58.503235,6
-14.277405,-14.570007,6
2.3794403,178.27057,6
-83.26359,1.0908966,6
-112.30459,7.011841,6
-17.303894,43.70256,6
10.14563,-0.8644562,6
-0.21109009,164.43225,6
159.80377,45.521835,6
-67.925865,-34.671005,6
2.0605164,149.2641,6
31.00467,175.8139,6
-145.20506,-161.92204,6
-36.57379,51.115707,6
94.49283,-50.311172,6
140.92255,-11.338898,6
-92.00068,1.430542,6
-175.91478,93.291016,6
-148.9066,143.98682,6
-152.9804,113.659515,6
-13.1341095,48.62004,6
1.8315277,-1.2598877,6
-16.194061,12.0494995,6
13.402512,-89.20012,6
24.018356,52.29727,6
-88.11712,-13.102386,6
-164.98752,10.769638,6
47.7256,-163.94362,6
-55.091675,-1.1001434,6
-27.401443,37.420273,6
-3.0316925,-0.78874207,6
29.670532,28.983078,6
-83.273705,-24.642776,6
-36.861588,162.67755,6
-42.641357,-69.27667,6
30.57071,55.170685,6
-175.1261,-38.00406,6
44.258026,-43.294083,6
-125.36215,14.471466,6
-0.6829834,166.89655,6
179.74649,168.55826,6
-121.40204,-174.50026,6
-13.867584,-48.076904,6
22.73378,-1.5220184,6
56.47232,-5.8964996,6
3.7034454,27.94667,6
174.24646,-24.502838,6
-22.809753,129.01141,6
117.1322,-27.751404,6
-28.55194,95.9314,6
-72.20227,-104.37958,6
11.167114,90.54642,6
-69.19894,-25.30478,6
14.765366,-19.67418,6
-37.03235,-0.39718628,6
11.667175,136.69415,6
5.4114227,-96.13618,6
-125.23139,-20.052444,6
35.43045,19.571777,6
21.852127,5.213394,6
12.990814,18.136139,6
-34.790756,-42.627213,6
42.118637,-140.66742,6
-27.912384,67.7124,6
-29.534958,-45.42569,6
-164.95715,147.02899,6
11.605026,-102.26911,6
61.598175,-23.701523,6
-56.44168,63.53218,6
98.576904,160.72656,6
-28.89952,-96.45388,6
-160.43573,-144.23172,6
78.484955,105.71167,6
-68.83086,38.45204,6
-17.24646,-125.51743,6
21.252975,101.38446,6
75.678986,-8.821045,6
-2.113037,-172.41582,6
107.58783,37.5401,6
-110.44899,-1.5424805,6
157.48492,5.1258698,6
-7.456604,-157.60411,6
61.166016,-1.8699188,6
23.961166,5.810425,6
-98.59063,16.438263,6
-17.453613,-137.57962,6
4.896759,-104.89421,6
-1.9168701,-162.94232,6
115.13663,-173.94359,6
39.062775,7.977249,6
9.421661,0.91308594,6
3.4644623,134.79227,6
104.302155,-4.4985657,6
8.592682,-81.94331,6
128.6773,43.446045,6
91.65109,-172.4413,6
79.54852,-13.472427,6
-77.01946,9.667664,6
5.0039215,-70.214745,6
-8.506836,18.741318,6
84.35782,-82.86035,6
14.176529,1.1355438,6
31.15387,-99.95965,6
-46.331833,105.08652,6
-60.797813,-19.795593,6
-42.38768,-169.08574,6
-53.29197,-33.172012,6
25.15564,-104.87476,6
-143.00424,10.788544,6
-14.835403,166.81012,6
-83.34634,63.038025,6
-27.8947,-71.18084,6
16.086319,-47.74707,6
-78.16732,-4.0530243,6
-142.53229,-174.53738,6
14.880325,-47.98468,6
42.617615,-11.978516,6
-57.783417,38.571,6
-69.19551,157.9104,6
-155.29819,-51.20053,6
111.63226,163.18857,6
-126.78787,-175.70932,6
64.80359,-35.15242,6
4.2617188,105.70068,6
20.463898,-128.85632,6
43.47711,-96.61664,6
-10.03215,-128.25261,6
-104.10305,-49.67134,6
172.31958,0.10746765,6
73.4162,-160.5566,6
-49.18416,81.01654,6
52.977814,-122.90122,6
89.51239,153.99042,6
139.19833,141.8923,6
-17.989746,-0.5730896,6
-145.12843,7.4440155,6
17.37027,25.423782,6
115.85373,84.366425,6
58.95865,52.393646,6
-113.09439,-19.882248,6
-30.143814,-156.59781,6
-24.365234,-126.92181,6
-97.134254,175.73547,6
9.300278,-142.7428,6
-80.38988,8.655121,6
-23.21048,-98.174835,6
-29.047272,129.63464,6
137.99585,18.93805,6
87.26529,-33.777542,6
-47.740875,-109.37999,6
-152.10326,7.8697815,6
13.767273,-29.771576,6
-171.32454,176.03424,6
39.03418,-158.49573,6
68.84042,41.076965,6
35.813614,22.34758,6
61.096863,22.381287,6
-115.17644,37.545654,6
-30.741394,-19.197906,6
23.88945,-90.73852,6
-41.904053,-8.927933,6
161.70508,0.67025757,6
4.4359283,149.85913,6
8.079376,-78.66716,6
-11.700943,118.65338,6
56.11795,-46.694702,6
-28.316025,-40.40065,6
119.93594,71.5878,6
-177.42595,16.437256,6
168.05695,164.76453,6
72.35544,-17.867157,6
7.427643,-170.91287,6
45.53267,-92.61236,6
-84.99299,-3.29451,6
-10.172989,-69.30544,6
50.97084,7.3496246,6
3.5722198,-123.10259,6
139.15533,-176.42966,6
-146.0828,-167.76515,6
-63.343307,80.98587,6
-84.78618,-47.31453,6
-140.19872,-174.97076,6
-95.353294,-73.8979,6
-14.903915,-1.827179,6
-93.05125,53.672974,6
-109.62398,-23.174652,6
127.25867,-62.719406,6
85.80554,-4.695343,6
-56.381912,107.42084,6
-2.9791565,53.839096,6
-6.5889435,179.81567,6
-119.44853,-4.566345,6
-106.36264,5.660263,6
-24.451584,-43.008347,6
155.06702,-18.444824,6
-9.782379,131.15778,6
-27.953949,45.925873,6
4.6563416,-37.506958,6
16.639725,157.98053,6
104.02167,-61.50856,6
-101.46619,67.96669,6
169.48322,-165.63802,6
40.539932,5.6742554,6
-125.03911,109.85141,6
21.364899,169.8378,6
-99.14494,2.1568604,6
-39.01561,-64.71689,6
-132.24344,44.220337,6
-135.09467,145.15546,6
-135.25044,22.060898,6
3.577011,-23.982605,6
-153.87619,-32.956116,6
-141.87404,-12.839401,6
-23.103043,53.900482,6
-113.79073,85.904205,6
4.04895,168.49203,6
8.428741,-33.285843,6
-4.465561,103.71207,6
-113.42443,-130.97421,6
-96.92754,53.717926,6
-71.9447,10.2795105,6
17.48407,-5.239929,6
-3.5569153,13.913086,6
173.77945,2.9040375,6
26.437439,-2.3976288,6
-37.695312,-40.55316,6
-1.7548523,-6.2941895,6
68.21503,-122.94918,6
-46.48282,103.86792,6
112.43054,-69.30597,6
-5.791168,175.02368,6
-39.878693,3.5693512,6
-172.6786,7.5914,6
-16.047043,61.4272,6
129.25479,8.224411,6
-36.762848,-129.06245,6
3.1236725,38.614075,6
116.56448,-169.79611,6
99.21225,-27.323456,6
-70.18016,54.661255,6
-25.668884,4.860199,6
-84.33194,148.75574,6
152.18372,-3.0436554,6
-9.806931,-156.33777,6
16.139755,14.756287,6
-122.96737,11.394394,6
-149.84462,151.97925,6
4.64122,4.811798,6
-95.79928,4.149292,6
-4.5149994,14.219116,6
-44.898438,-66.840355,6
66.08661,178.38983,6
-72.45911,-84.35654,6
-38.51184,2.03479,6
-0.73405457,165.33313,6
-41.656067,-123.02511,6
-32.730103,-157.13493,6
0.8189392,10.673096,6
-104.0556,-162.8887,6
47.38321,-108.17136,6
48.97516,-33.344208,6
176.68564,42.58867,6
-177.48654,4.2418213,6
99.72592,-86.14133,6
68.34271,-70.757095,6
-60.241196,133.29675,6
-171.67229,172.87738,6
60.006165,-178.65744,6
-163.99829,61.205383,6
-21.277756,127.12402,6
113.84836,-30.308044,6
26.815842,-24.055786,6
-143.1608,-176.65274,6
130.6449,-9.553345,6
40.391983,-37.775024,6
71.86273,-110.25543,6
-8.235443,-24.528,6
-86.1528,-168.15938,6
-124.89302,87.169556,6
77.03281,-54.719284,6
179.61182,22.537827,6
-44.17038,-65.08832,6
-173.22432,116.39047,6
-125.68806,-50.799744,6
-3.5973206,-42.19127,6
42.571106,-36.538803,6
78.1416,-89.2634,6
3.5085144,-12.943588,6
24.48555,-143.13948,6
-2.2790222,-16.615143,6
-54.685837,56.69159,6
95.94321,-49.36223,6
-173.71521,-91.57044,6
-45.584015,-97.6939,6
21.127853,-155.64108,6
-4.544922,61.06006,6
27.70671,-51.093765,6
14.135742,-45.316864,6
-164.05542,168.50046,6
-122.9203,-30.590927,6
-6.830124,104.700775,6
101.691345,67.24046,6
-4.313843,-109.03947,6
-47.68016,-57.660385,6
79.203094,-110.44443,6
11.079498,60.9209,6
-1.5441284,33.545883,6
-23.586212,165.66278,6
-18.63272,104.444885,6
-71.05577,77.83093,6
-102.8075,62.43512,10
86.66232,171.16245,10
94.14011,-35.266663,10
87.39719,-133.68243,10
-143.51215,-96.72611,10
29.466263,-12.040222,10
-151.2982,51.269623,10
113.455505,-91.175285,10
-136.46165,144.25256,10
72.15965,-79.54669,10
148.65863,-141.6908,10
-40.87317,134.84198,10
109.85474,-82.4269,10
140.28961,-136.80652,10
-178.60153,72.23538,10
-165.80019,130.46674,10
-79.81514,95.84729,10
-66.03823,67.82498,10
101.9397,-130.81026,10
-110.93358,-140.9795,10
-173.46927,-140.56593,10
64.38159,-98.14551,10
136.79807,141.8753,10
-115.91398,5.733322,10
-30.926529,80.33322,10
26.546555,160.52856,10
78.51123,5.970154,10
-9.043961,5.606201,10
-10.902298,14.753952,10
-103.778206,102.63458,10
111.757416,-9.49205,10
36.685562,-141.88689,10
-13.016663,-132.32101,10
36.404694,-116.67017,10
-59.193283,84.62848,10
-17.078445,-65.97043,10
3.513626,157.37949,10
-122.48415,-14.155746,10
-167.20546,78.07794,10
-77.909195,161.44427,10
8.052551,175.71411,10
-4.1314087,136.37427,10
25.22136,45.137177,10
46.31584,55.35692,10
136.0202,-52.770493,10
-79.502106,-32.258957,10
-24.978958,30.435287,10
141.1897,-16.595596,10
-150.56407,-20.736816,10
-177.7551,62.905,10
11.6983795,-3.2553558,10
4.204956,-21.986008,10
165.15668,-35.447433,10
32.286682,-132.03458,10
-145.6931,164.9964,10
-57.1718,32.754196,10
-75.6354,84.44183,10
142.85385,-32.607605,10
115.09515,80.27246,10
19.895233,9.76532,10
6.631073,-104.9722,10
-136.01456,1.2531891,10
-136.00598,56.76355,10
6.482605,-154.32082,10
-56.221497,-6.8003845,10
28.248718,165.03314,10
163.1438,97.39093,10
100.81058,-57.73015,10
-132.5711,36.75865,10
-141.9472,53.25534,10
-50.971603,74.73108,10
77.26047,-105.80744,10
-150.69339,148.04156,10
30.81958,-132.39552,10
-151.9336,124.39169,10
157.87689,-27.195465,10
-178.69724,-59.49518,10
-25.939224,161.17114,10
-44.52176,128.01172,10
63.983368,-119.24796,10
-60.61725,158.66171,10
-179.94356,12.423218,10
-62.09369,56.47635,10
8.827667,5.198181,10
-32.75659,67.147675,10
-0.11695862,90.15643,10
-11.821686,-85.82498,10
149.66293,-156.42152,10
136.86676,-154.51712,10
72.20177,-23.077179,10
131.13043,0.84980774,10
-149.93442,35.04129,10
-110.287254,128.8255,10
-90.54044,-61.145493,10
27.92807,-169.83612,10
-146.46896,-114.108284,10
157.11179,23.219498,10
-35.35385,-98.862885,10
68.90958,114.38037,10
-4.3221436,-160.95566,10
-65.48538,101.43683,10
60.754395,-3.3177948,10
-174.1097,138.79471,10
22.272278,25.814697,10
-112.08585,51.026352,10
133.96582,-53.34781,10
-6.3941956,168.56815,10
16.897568,-23.881927,10
13.71167,28.450592,10
42.836533,76.17203,10
-24.381851,174.2728,10
-3.8619232,130.9115,10
31.954315,-44.259552,10
-109.54505,-72.514725,10
149.89636,-47.365387,10
-44.555542,-73.44117,10
-95.6126,-57.21266,10
-35.148132,22.41185,10
117.407166,-52.229286,10
-9.172562,-18.085663,10
-8.12323,-117.26704,10
1.6031189,-102.57065,10
-83.82576,80.62775,10
94.698364,-45.432938,10
132.54645,116.09708,10
25.76677,-135.34041,10
90.56998,-55.351837,10
157.86966,-54.785187,10
-46.283005,18.53183,10
8.368546,110.70764,10
-87.87698,36.390686,10
-15.325577,-149.82814,10
97.52405,101.93057,10
70.1443,-120.43225,10
-136.47955,27.324036,10
-148.91371,-19.350235,10
164.80087,-67.80072,10
-157.83318,-113.87042,10
42.000504,-172.83478,10
137.68933,174.3081,10
-131.7656,-7.42865,10
-167.19981,1.5662537,10
86.573425,-107.655426,10
31.258179,131.3223,10
-22.996933,161.59265,10
55.90547,26.312134,10
-2.0579376,-174.20767,10
3.103897,-176.02353,10
91.20593,38.401825,10
33.34999,72.51567,10
-108.45672,-39.271408,10
-174.56638,128.66553,10
-154.8749,-164.63026,10
-131.51031,54.867676,10
-6.4694214,-91.07958,10
-115.57981,-168.02698,10
56.5213,-54.648346,10
22.072128,37.3396,10
-2.6437683,-48.64795,10
98.46747,-10.792969,10
-35.401672,6.51355,10
-105.76022,59.898468,10
-102.94558,-109.64923,10
-165.70726,-178.8371,10
20.53807,-114.4293,10
151.49695,136.40979,10
27.57756,-76.957565,10
46.170868,-29.756805,10
-4.171112,153.64972,10
148.17328,-118.08572,10
94.97125,-103.43837,10
150.65283,-0.041671753,10
-88.84971,-8.9965515,10
68.76994,12.174942,10
-57.752686,134.32349,10
17.840332,-63.85395,10
119.08273,164.40631,10
-134.72159,-120.75488,10
41.665436,-117.364586,10
15.177765,-175.3166,10
-89.11539,105.75394,10
-28.807327,123.6304,10
-70.106964,137.2027,10
174.87396,-0.5467224,10
60.563812,-137.15369,10
-116.44966,128.1806,10
62.185547,155.4585,10
-63.483467,-60.62626,10
2.349823,27.46373,10
-166.15218,2.3779602,10
-22.051987,174.76617,10
-162.05217,16.327087,10
170.39197,-15.127686,10
-149.7732,62.807724,10
2.536789,-148.16092,10
95.236694,-48.193634,10
-53.922638,92.77127,10
56.87529,-86.32157,10
115.87094,-97.959915,10
-164.63406,-86.74377,10
-15.804871,2.0202332,10
20.721848,-174.28854,10
-170.73042,155.73859,10
144.20789,29.962143,10
-9.239685,62.62729,10
-90.93984,81.48459,10
-154.77666,23.014404,10
122.16098,-60.522903,10
-36.97853,-20.160141,10
17.47995,65.32475,10
-171.31934,26.168427,10
8.905746,-169.37077,10
177.02704,-13.872925,10
35.565308,115.6037,10
48.86374,-153.33176,10
-26.586868,151.73267,10
-45.825256,145.18536,10
37.13559,-88.4669,10
1.758667,-167.13269,10
165.05496,-116.601295,10
82.34012,-51.170746,10
169.85376,177.91437,10
-58.286697,150.81525,10
4.2029877,14.0950775,10
4.487503,-50.6391,10
149.63684,-145.82367,10
26.199448,-74.36392,10
-112.838936,-102.546455,10
103.50415,134.95316,10
-91.71738,-170.88147,10
177.64993,-81.30284,10
35.345,-48.529266,10
-177.585,149.2677,10
8.001831,9.96022,10
129.10077,144.34583,10
46.63678,69.46416,10
-127.18406,60.12561,10
-130.0842,22.14444,10
-45.509796,46.946472,10
136.75482,-173.66695,10
-159.83398,34.102325,10
79.002045,-162.59547,10
35.30728,10.923157,10
-1.7486572,83.333954,10
-177.09558,97.092804,10
171.0958,143.05548,10
-9.672348,54.375366,10
174.62003,81.38751,10
-48.90164,155.06705,10
-171.38646,116.407074,10
-14.258377,-148.71489,10
2.4428253,44.68463,10
-55.634903,141.7904,10
-177.26031,-17.972748,10
13.691116,-108.99389,10
-108.54359,109.39218,10
-56.898026,-170.62465,10
-21.054321,176.14703,10
-62.2567,77.82422,10
16.0027,14.758759,10
151.38324,-42.97406,10
-35.62213,124.62021,10
-91.23654,84.74652,10
32.643097,-52.0719,10
-131.01619,132.08301,10
-135.74156,-47.917572,10
-26.008713,146.55444,10
-153.09705,-20.67276,10
-47.222122,-29.29184,10
-38.188904,157.2243,10
-13.588165,35.03041,10
25.884369,-15.610367,10
-3.7861938,129.26831,10
153.42358,8.981323,10
107.07114,-99.39823,10
-52.948418,133.52994,10
4.827942,-145.43233,10
-4.881073,1.6508636,10
-144.87518,-10.250137,10
107.740234,117.23273,10
-86.8531,-119.33371,10
43.418488,-114.08664,10
36.275757,63.11795,10
0.41557312,-12.048584,10
-141.52124,32.490875,10
-164.85625,-2.1644745,10
73.4191,-105.072914,10
67.023636,-110.16987,10
140.3732,-29.260254,10
-104.738235,-11.575531,10
11.328796,83.88129,10
-40.01802,139.46173,10
-49.00972,-24.244522,10
-4.740921,97.34094,10
167.92523,-72.04692,10
90.091064,97.21625,10
175.32462,1.5053711,10
17.4272,115.002625,10
-16.916763,-177.97704,10
161.0799,167.80322,10
-68.42467,128.57416,10
-176.80647,-40.111755,10
62.95755,-116.09462,10
134.12955,37.15634,10
65.428604,-137.55125,10
16.677841,-116.13216,10
176.39337,165.68787,10
-71.234856,-45.372192,10
-99.9898,45.50148,10
64.45798,-47.95465,10
-11.315521,129.41425,10
23.926544,148.3006,10
-127.17944,115.96951,10
-178.05435,-56.270325,10
-32.426468,67.22839,10
-159.77904,24.234741,10
60.84857,123.60916,10
-6.372101,17.343124,10
160.58801,-11.529831,10
-64.097885,17.645477,10
-153.4332,-73.544495,10
-4.0619507,-17.939087,10
16.22519,-113.73354,10
153.42816,-17.095337,10
-163.53188,-125.3063,10
59.875366,83.26727,10
115.193085,-78.446106,10
63.64827,-166.89816,10
-100.08184,49.393036,10
12.006851,16.445023,10
-51.0157,91.19638,10
-165.36684,-18.43216,10
63.638428,-25.323395,10
48.39334,-114.47048,10
-121.31057,52.318268,10
-179.38602,-9.592148,10
-56.735535,-154.85135,10
-122.08128,47.253754,10
-140.2801,-54.94764,10
61.426453,-48.91481,10
39.684402,132.61298,10
114.98764,-24.466553,10
-25.75113,150.12726,10
3.1410828,-159.23164,10
121.35727,-58.73169,10
148.7456,-10.106949,10
-11.77533,30.342682,10
-163.91513,130.6784,10
64.548386,-134.99829,10
175.23004,-40.940125,10
9.491455,-167.90756,10
-159.29346,64.36896,10
1.83078,-3.4736176,10
-142.95935,20.29367,10
-4.8582,29.284073,10
-102.44499,47.405426,10
69.32736,-110.31695,10
172.32593,-82.29627,10
127.992615,-135.06073,10
-62.01544,12.560822,10
54.389557,93.88739,10
-31.445862,175.9787,10
-20.43216,156.48642,10
-136.56296,-81.08318,10
-52.342613,93.295746,10
27.042053,-25.296265,10
112.843445,-112.37499,10
80.66342,71.29074,10
49.017075,-134.86098,10
-79.68711,-61.4384,10
-0.5548706,110.39496,10
43.330597,-32.195114,10
-36.2538,19.416107,10
12.312683,111.83661,10
-40.696655,152.52994,10
164.16553,-35.10672,10
145.14923,-50.470016,10
-50.64531,94.3194,10
-16.043167,76.358765,10
-123.95812,44.607452,10
170.16058,-2.1569061,10
-153.21486,143.69052,10
50.198883,14.3914795,10
-124.378586,5.125595,10
-6.5025787,-11.100082,10
-148.54634,20.709732,10
155.16449,-73.23632,10
178.83542,9.2473755,10
126.961975,-27.576828,10
5.358383,-15.835114,10
164.67389,85.717316,10
107.60748,132.19467,10
139.88397,137.42786,10
85.026886,-143.44977,10
-146.71532,-3.7339325,10
-3.385315,102.94501,10
-23.373962,-61.89248,10
71.77341,-123.2967,10
139.40234,-4.3740387,10
-66.7673,-147.38739,10
-104.89831,11.159256,10
167.08957,-133.69911,10
70.43611,-148.78148,10
-106.0815,56.66446,10
87.581116,-116.73473,10
13.646545,105.000854,10
136.08209,83.559296,10
-84.4168,-88.73865,10
-179.95471,55.018845,10
31.004944,101.39215,10
131.95511,107.66699,10
17.616959,-19.938492,10
24.941223,74.83472,10
169.81201,156.65634,10
-10.991486,22.146164,10
-21.493927,50.82167,10
-100.99629,69.395966,10
36.60161,-99.36341,10
-28.962585,85.753296,10
-40.687576,-6.871338,10
-144.11195,-42.670807,10
29.104492,-150.28345,10
17.965225,-11.428543,10
-170.81816,-8.324173,10
-173.67819,-26.853973,10
117.62082,141.50195,10
-3.7187347,-3.0793762,10
133.8722,1.7382812,10
-134.74113,-155.25314,10
142.95255,171.58777,10
34.470078,-21.343063,10
-6.1477203,133.517,10
7.925293,20.303772,10
4.921768,-1.403122,10
-15.821564,-152.22322,10
-88.89616,172.49197,10
19.37555,-122.691246,10
16.098434,1.6511383,10
175.49207,-139.14865,10
-30.839874,78.74246,10
-125.30639,19.452438,10
-140.50441,-122.72061,10
-102.76289,154.89093,10
33.857086,-119.43074,10
135.13281,122.017944,10
-179.47485,-80.403305,10
1.563324,71.84509,10
-174.44395,156.40155,10
81.28003,-87.51367,10
-46.333084,36.933517,10
-21.345688,-46.98375,10
-175.90553,-10.42215,10
141.78348,102.188446,10
17.43068,-11.794678,10
-51.571503,13.919708,10
169.79132,-107.961464,10
-67.19379,108.38153,10
-33.295227,-177.48665,10
-26.689377,125.08258,10
-41.691437,129.07013,10
-166.37457,-104.6873,10
120.14078,-67.42457,10
133.5987,-70.21072,10
148.59839,137.88019,10
-72.0887,88.79071,10
-51.020172,109.68515,10
18.510818,-48.128113,10
105.44498,-4.4161835,10
-90.02919,91.220795,10
127.41321,-172.13757,10
-30.016068,121.58823,10
-8.557007,-15.591461,10
-23.981827,104.44574,10
93.61197,-85.548935,10
43.898895,-71.676346,10
-64.4913,138.33029,10
60.88478,134.2677,10
91.292206,-91.89162,10
-177.3619,-35.162292,10
-158.25345,36.21405,10
178.85022,81.31302,10
123.235504,168.98322,10
-16.603577,111.12036,10
-120.19282,66.60364,10
-5.5772095,65.17427,10
-98.185005,62.067123,10
160.43848,-136.24115,10
10.7846985,-109.361374,10
-57.743256,61.8555,10
164.55017,-95.51988,10
21.92334,-22.578018,10
-63.577026,121.688354,10
158.91962,-41.291718,10
-122.38483,40.228546,10
175.96655,-118.234695,10
-39.524673,-149.72609,10
38.54892,-12.762207,10
-43.82068,140.7569,10
-30.223236,-35.934845,10
-116.84322,85.31433,10
-118.145195,-47.008392,10
-24.337738,-112.64456,10
-145.11975,-76.39886,10
9.857773,13.907455,10
-47.331055,-7.487015,10
-21.757507,159.46109,10
-61.086906,60.006042,10
-24.144379,-20.595734,10
61.39174,7.9101105,10
76.85959,0.36183167,10
-39.564285,92.44858,10
-168.1591,-94.25515,10
-9.544739,-128.00404,10
21.46936,144.7221,10
76.67383,123.65289,10
-145.00313,140.34872,10
-80.27672,-148.74873,10
123.59955,-106.968285,10
84.40936,129.34229,10
12.750122,-119.65597,10
-25.408966,117.51538,10
-138.34882,4.7295837,10
-70.79504,73.38068,10
29.378647,-31.53061,10
-12.605148,14.404541,10
-31.874908,-15.063141,10
126.18384,118.779724,10
-19.499298,-179.48392,10
62.361816,-31.203827,10
58.793655,-156.07706,10
-19.97525,48.386627,10
-104.773476,-5.7173615,10
13.074493,-168.47511,10
153.99701,37.42714,10
81.04791,86.657776,10
44.06111,85.474396,10
49.260223,-18.483505,10
1.1045074,163.93942,10
149.75342,-163.46,10
-27.87555,-151.70918,10
-27.59874,30.26001,10
-3.6645813,-101.29303,10
-47.350525,136.92679,10
-135.42789,-30.78621,10
145.23233,82.894196,10
-51.5627,-41.935486,10
-39.034393,146.36761,10
178.25085,12.673233,10
-149.05643,64.64015,10
-148.4035,34.075256,10
-137.5373,42.69873,10
45.31349,-124.5581,10
104.53854,-54.26393,10
-22.584534,-148.82939,10
161.211,-84.62035,10
-156.20325,6.269638,10
167.72858,-29.292725,10
174.59167,-131.40648,10
-64.17762,-163.15916,10
-118.75462,6.2713776,10
-132.80708,-155.79097,10
-154.76236,-18.777344,10
-84.779785,-30.28006,10
144.09375,-18.031235,10
-155.72551,-161.54451,10
-17.91867,19.849014,10
-49.942993,148.07422,10
-17.68657,164.2503,10
8.44104,-146.53008,10
-3.646286,-44.516785,10
-174.65222,-33.743057,10
-75.07885,154.75787,10
123.53644,165.50085,10
152.68347,5.4470215,10
-179.5571,124.59802,10
-98.98821,81.75522,10
-7.6874847,16.177872,10
-165.62624,-157.90039,10
-135.62251,-58.04181,10
-100.67901,-19.380844,10
4.1257324,-154.7249,10
-76.7063,159.35443,10
-0.22288513,-40.11357,10
57.683197,-21.55246,10
-78.14828,52.433487,10
10.413681,-16.76207,10
-12.70932,-43.911285,10
-175.86324,1.942688,10
-67.60016,-102.24714,10
-116.19863,-146.65082,10
-25.473785,-167.32126,10
-132.42755,146.1908,10
163.90277,31.282288,10
-123.9741,50.88391,10
-136.89151,54.486267,10
-24.960022,6.5490417,10
158.9367,8.546997,10
175.1543,-61.102104,10
26.940704,132.349,10
169.23383,132.0271,10
-9.998001,-0.99012756,10
14.424484,-38.427002,10
-146.51604,104.56949,10
148.46164,-161.366,10
-164.3771,-79.644394,10
167.65338,-18.320938,10
-145.38802,16.579529,10
-167.8545,-14.304138,10
-170.16107,-103.23336,10
-40.423553,128.65851,10
-73.91599,-80.82722,10
5.5994415,-7.057266,10
133.8591,-111.35049,10
-117.714294,108.20438,10
-165.37901,-90.84261,10
29.958298,179.75055,10
90.52472,-111.49939,10
-15.893143,15.482162,10
-20.637405,43.491425,10
16.147888,32.478165,10
162.14883,170.56787,10
-96.82797,125.38641,10
-100.347046,-55.06759,10
-59.130486,11.339188,10
-29.162521,82.55383,10
29.720886,-77.06735,10
18.19629,159.35406,10
20.239502,-20.3611,10
-172.85796,100.74353,10
171.15723,-31.97348,10
173.28998,121.40552,10
155.38934,-13.802841,10
131.32623,-15.212738,10
83.283875,31.056564,10
15.670395,14.34433,10
-172.0347,65.67998,10
65.674194,-52.884216,10
-20.52333,48.009613,10
-23.986053,148.77222,10
38.25676,-163.98917,10
103.52484,-77.622795,10
-82.23202,56.04062,10
72.78981,-26.55072,10
-107.11736,40.848312,10
7.2130737,23.512314,10
6.719284,20.94516,10
3.3041382,38.860016,10
-30.63301,-93.40159,10
-78.34225,92.26297,10
-101.12361,50.62474,10
-135.04169,35.29239,10
43.64276,-128.24834,10
165.64984,-21.223434,10
-176.69412,-40.255173,10
37.181686,-162.67972,10
143.93237,-30.523087,10
109.88916,96.06552,10
-80.1499,67.32321,10
-91.75397,57.96109,10
-1.3337402,-119.997,10
-9.0346985,-136.37503,10
92.33115,-23.601517,10
66.73486,-117.23688,10
67.909454,-152.57172,10
-0.9673462,54.68004,10
26.089981,150.13098,10
28.004166,21.174026,10
122.94342,102.37671,10
-67.91537,167.46326,10
-169.39087,-40.90204,10
-72.145004,-112.26828,10
31.407135,-82.835884,10
171.59558,-13.409729,10
171.34064,3.0539246,10
160.78333,0.31507874,10
103.33148,-141.05156,10
-85.55767,-65.581314,10
131.15198,125.87454,10
-88.42668,-133.26213,10
126.729034,22.444489,10
-25.152786,116.85803,10
-176.25587,92.04523,10
110.6933,80.373535,10
-19.969925,20.263138,10
-31.68068,12.215179,10
66.2182,113.01257,10
-70.16471,177.19617,10
138.84915,-36.220596,10
-26.076523,14.715057,10
-155.75902,35.299927,10
37.399506,-61.4989,10
2.831894,-151.29724,10
-16.230667,67.64409,10
-51.98015,3.5242004,10
-166.32147,169.28754,10
154.8512,25.770279,10
91.232666,-78.469055,10
106.62933,-71.48141,10
-38.49112,-92.841194,10
-79.43379,-97.90254,10
-43.450287,58.203278,10
172.81244,1.9715271,10
-82.82587,148.06665,10
138.12524,-84.19444,10
148.28513,-23.5495,10
-23.117386,93.47482,10
7.318985,-15.484604,10
130.969,-79.05606,10
-86.28353,123.4834,10
-66.79145,113.46857,10
-164.26433,1.4026794,10
-38.21158,165.44623,10
175.55762,-21.911545,10
-59.615517,96.319824,10
179.22345,150.71173,10
-114.83655,81.59766,10
55.193314,128.8695,10
-14.500992,-131.45383,10
28.602036,-92.55321,10
-72.89579,23.584488,10
-1.709137,-149.57246,10
145.82513,126.76044,10
-69.30835,13.437424,10
5.302765,-134.08064,10
162.22992,75.81152,10
-43.34108,18.414276,10
130.08878,148.59631,10
-171.08226,-136.80876,10
37.615234,-133.54611,10
-1.2931824,163.20087,10
-115.480515,161.11041,10
-149.06369,109.33679,10
-2.4570923,175.2276,10
110.526184,124.579895,10
173.40659,6.138443,10
63.628113,-144.11525,10
21.830246,48.139313,10
44.40924,62.48932,10
-158.35236,11.468872,10
14.272675,123.88724,10
170.6535,-179.85802,10
-177.26425,11.707855,10
-178.88559,-1.5718994,10
-118.25166,104.26462,10
173.30731,96.381226,10
-72.742714,61.133377,10
44.641724,-80.468575,10
-9.277451,-159.37709,10
-132.85727,49.913147,10
34.01352,-12.376724,10
-132.4098,153.30725,10
18.144012,-178.73059,10
-165.16754,140.15479,10
-108.97916,84.33899,10
179.76169,54.53775,10
174.36224,-25.098526,10
177.70123,-109.18965,10
-137.5352,-62.422226,10
12.6180725,-164.69525,10
36.08441,-119.960915,10
-172.55212,-50.770706,10
-3.1061096,170.65695,10
-80.92091,-101.64362,10
149.39246,62.62982,10
-46.68161,-63.443527,10
-11.422913,68.81607,10
-103.8052,118.07428,10
45.493362,-152.83722,10
-66.60274,-58.673836,10
-172.08945,20.41272,10
-142.19572,72.99077,10
15.602341,146.91132,10
43.827515,-36.638687,10
16.083954,-64.29164,10
-46.789825,155.86127,10
21.382446,-94.1672,10
17.474121,30.022705,10
-157.94543,35.43799,10
161.65778,-154.6278,10
15.288803,-55.301796,10
-150.39026,10.415756,10
17.608612,-21.649261,10
137.13339,76.47635,10
15.34343,91.2478,10
-9.961639,172.4256,10
128.78448,-25.223465,10
0.3944397,4.93808,10
-33.017975,-149.00844,10
102.67572,-35.62401,10
135.52081,-116.03968,10
-116.29744,-65.01156,10
-54.241913,120.152954,10
15.864258,-168.29614,10
-164.16931,27.647537,10
-33.783768,134.47202,10
65.203125,-23.331024,10
52.452835,-132.85736,10
-176.0153,-129.47435,10
143.8244,-12.415497,10
-15.773605,-152.8171,10
14.798019,-44.625046,10
-135.3939,147.30804,10
1.1665497,40.171524,10
-31.052094,118.95032,10
-144.7269,162.96835,10
44.739624,8.901627,10
28.785278,22.37587,10
110.13382,2.9533844,10
4.714981,-147.99449,10
162.4483,21.312012,10
-174.3814,21.17871,10
-138.51799,93.73599,10
-120.270065,2.828308,10
167.09424,-41.83383,10
-125.05845,112.95819,10
-38.223755,147.07645,10
-53.112244,66.24664,10
6.1497803,84.11325,10
-84.86201,9.348862,10
-64.79846,138.67438,10
-76.39467,56.01056,10
-2.935257,26.55368,10
-78.18685,-174.78291,10
-137.21269,55.641327,10
-71.62058,124.20627,10
-53.20211,123.589905,10
177.51892,9.085968,10
-3.5290833,17.61493,10
69.655136,-49.978287,10
-70.79235,-11.282166,10
-80.30235,139.1181,10
142.86383,3.3417206,10
-153.98167,-101.81963,10
129.56332,150.08441,10
1.7905426,43.505127,10
60.646988,-90.954124,10
-120.66835,-166.16936,10
-91.17281,-1.9806671,10
-98.43376,63.24739,10
139.30951,-39.449814,10
90.57941,-138.74727,10
11.358612,128.56769,10
-167.00653,-19.037292,10
-144.32013,-86.20393,10
-169.73433,47.474915,10
23.048447,-83.17531,10
-168.7297,-146.86926,10
41.91696,-119.59063,10
19.009232,-166.06761,10
-43.455826,-10.048172,10
-13.080231,1.0606842,10
-178.12634,-5.1226654,10
32.66246,-15.0568695,10
32.445267,-95.667496,10
54.469376,57.842773,10
-170.93709,73.4129,10
-173.4646,-27.33609,10
71.04773,-107.256,10
63.77211,-57.55635,10
-9.564255,22.81517,10
-112.29954,7.551117,10
-4.510269,60.36563,10
-177.13028,-53.741737,10
-100.88677,51.19583,10
172.03882,68.4129,10
80.81909,-36.403793,10
125.18945,-91.443146,10
19.914413,-137.37575,10
1.4149628,-60.477196,10
152.0253,-55.84606,10
84.93512,-20.677292,10
77.43161,-80.62293,10
-176.06123,-48.49733,10
-81.21847,164.89792,10
-170.92328,153.81744,10
46.570496,114.68811,10
65.16522,-63.491844,10
-160.61433,42.846954,10
170.0549,5.4557953,10
-16.824783,133.55807,10
1.5754547,-40.538605,10
-55.361458,111.2229,10
-155.3036,-1.7988434,10
-31.68924,8.335648,10
-36.009857,157.9397,10
-120.79566,-177.41939,10
-91.41874,96.629456,10
-171.76494,55.403778,10
-132.32658,28.47647,10
-56.726128,-83.10881,10
-179.87315,-68.376854,10
-156.93076,-118.06932,10
15.041519,-141.39635,10
-58.25708,100.208435,10
-17.465836,-174.69983,10
83.927795,152.17075,10
-62.787125,78.49292,10
-69.86119,111.05551,10
-165.86649,28.987167,10
12.611984,-175.13663,10
-142.14175,-113.18768,10
150.78757,-51.443756,10
-9.357895,-5.6527557,10
115.71011,-70.54022,10
171.67969,-46.254593,10
-92.039764,122.43997,10
-152.87172,10.722366,10
152.56964,-119.87904,10
2.111679,71.77316,10
-173.9191,68.25452,10
41.99057,-68.40493,10
-173.66559,-1.4910431,10
-14.527603,55.73468,10
-65.72187,49.29521,10
49.60115,-168.40085,10
-139.37587,-95.27419,10
30.079407,27.017853,10
-85.38813,12.8450165,10
100.69507,-12.155472,10
-168.16942,20.587646,10
167.49786,-22.303741,10
25.691147,-156.70221,10
-166.25491,29.798004,10
5.0270844,-168.34232,10
-105.93886,85.84235,10
28.902283,-145.29727,10
-143.51999,172.94574,10
39.42421,-127.65797,10
24.003922,48.862366,10
-141.96748,116.13541,10
36.70633,-27.628021,10
15.652954,0.8021698,10
-56.67354,147.96075,10
-65.95234,48.40204,10
161.7089,27.766617,10
-4.762726,-17.097809,10
47.973907,-89.822495,10
-122.50728,-82.26352,10
-98.31621,36.023544,10
-4.1618805,52.390167,10
34.906067,66.7952,10
48.982727,-124.90337,10
143.96008,-130.45662,10
-175.49146,-3.9995422,10
36.771027,-85.61249,10
-14.759842,-147.9521,10
-144.3233,46.516144,10
-152.6167,34.517136,10
-86.64719,124.488495,10
-162.51468,53.773834,10
-169.66415,143.82098,10
-55.68979,87.2294,10
-46.243744,88.054016,10
-127.31308,39.714706,10
-0.6359558,17.315613,10
116.22818,-139.3223,10
73.573654,179.91345,10
-107.51841,174.5487,10
-84.27522,100.30127,10
-91.10708,117.93991,10
131.28741,44.739105,10
63.97618,-146.93127,10
6.870102,-85.85637,10
35.28221,-124.82391,10
106.911194,-55.41098,10
107.30029,-85.04374,10
-109.84663,113.97925,10
146.70709,160.7427,10
126.86209,-108.466034,10
57.46817,29.12938,10
-34.381546,172.40802,10
0.42214966,16.432861,10
13.966492,-113.79122,10
23.636398,-64.39143,10
172.5224,10.130753,10
8.77446,-152.54254,10
5.267517,88.9501,10
-161.11823,5.8158417,10
-75.925606,-14.116394,10
-8.724731,21.699997,10
-64.73277,145.7113,10
114.13553,71.45793,10
156.4672,-115.69065,10
-4.454605,-167.08994,10
93.00406,15.791077,10
119.987915,77.53717,10
-154.72899,-179.31445,10
144.44922,-36.01613,10
3.8720093,-109.61633,10
163.18134,-176.0077,10
-159.68776,-116.47193,10
-138.18596,-97.96874,10
-151.29688,160.42377,10
69.22995,-143.42723,10
31.59021,-40.051514,10
9.364044,-154.58757,10
71.318375,-147.49413,10
129.68207,-26.2659,10
91.26669,-63.17105,10
-56.974007,137.84375,10
