Pre_Phi,Pre_Psi,Post_Phi,Post_Psi
-99.400536,-155.00246,-168.52629,-117.93899
-22.902542,72.147064,-124.22851,-124.59506
16.515259,106.37909,-33.57599,125.36023
-21.944092,74.39267,-147.07861,-125.64857
43.34291,78.31348,127.711334,5.4263763
-19.37732,62.217316,-53.953392,168.40561
2.5318604,-105.877,-63.103043,-38.04634
-8.602203,-174.4951,-169.47278,175.7843
-5.8012238,114.862305,-173.76016,-57.81835
-142.64615,6.655075,-75.22984,-9.740219
-1.6549377,-15.722397,167.30908,-31.313934
-154.86595,39.623734,-118.17623,-96.71545
-70.32507,-1.5415344,-70.32675,-1.5399628
-0.045440674,-164.44624,-148.05899,-127.96746
101.964325,9.017288,101.97153,9.022949
43.9769,-21.609818,-128.49403,-85.698494
67.25647,-119.783195,-122.38758,-115.41476
-25.202728,135.42993,-121.40517,7.169632
-56.134064,-152.06902,-56.115013,-152.07617
126.09033,79.79846,-132.7296,-54.006546
-165.17287,-145.68729,-165.19186,-145.66765
-84.445656,-149.89796,145.84021,166.98267
25.63324,88.32596,25.63324,88.326324
-60.071,90.06287,-60.070694,90.06271
-6.743515,-147.17014,-146.6505,-126.800735
173.6344,-175.80957,173.59424,-175.82675
113.86359,59.136597,113.8602,59.132797
8.964096,-71.05727,-104.70751,-160.74922
-14.90036,45.345276,-150.41524,-128.80157
-159.88881,17.240173,-159.88902,17.240433
129.61469,107.96719,129.56982,107.91998
-166.94388,-179.36993,-166.91077,-179.36734
-10.57045,73.87558,-80.53146,36.612473
-0.93478394,-179.72606,-106.78385,-118.14375
122.17749,121.34955,151.50504,172.36887
-1.771637,91.13995,-1.7715302,91.1416
126.99289,-11.508606,-23.170944,0.6025696
-97.72183,152.80313,-130.65068,-148.48566
170.04364,-154.57431,-101.21256,-150.41747
-33.56903,55.023285,-66.90463,-109.496315
125.72095,128.6914,125.72327,128.69275
154.77094,70.36551,40.437607,-52.714798
168.62842,68.35599,-123.97554,-65.62301
-65.03591,118.929016,-119.80627,169.27039
-79.013084,22.232513,-153.21132,-91.76943
-37.933655,50.644257,164.27777,-49.62462
18.974411,-70.139626,-158.00212,-65.81839
3.2375183,-150.64764,-158.50859,-113.98736
-158.17218,178.2926,-158.17256,178.29034
117.512695,6.000061,-127.42727,-141.33904
-9.9266815,-124.7894,-28.900848,-165.82834
-8.374985,-84.76732,-174.5517,-86.77605
2.2019806,-75.848015,-50.687454,-104.17715
112.62894,174.55692,-91.51105,-128.22559
76.69165,-53.71727,-148.76389,159.02936
-25.506424,-152.83319,-169.17401,178.23352
17.497253,-32.174377,74.85535,-5.206604
100.181244,8.553467,-10.093292,-11.950668
3.987091,154.73486,114.31561,-178.04921
-177.87573,12.585297,-156.02545,-179.23402
12.55835,153.30399,-131.70091,132.15991
-155.59213,24.435135,-131.26779,-81.94731
-23.207321,-80.14182,-112.73189,-116.41426
177.41068,-2.610672,177.41425,-2.6103058
-13.042023,-176.08994,-129.19688,102.01254
153.44217,160.23944,-167.71362,143.2367
-169.0701,-113.301994,-42.391815,-56.45395
-0.42027283,167.7511,-131.04793,-131.19612
-32.28073,-32.920456,36.9308,-8.750763
34.9402,-60.530045,136.47266,-43.2097
35.216003,-120.26794,35.216217,-120.270615
94.84265,30.432419,94.864655,30.435883
11.79805,-166.1361,169.68,-169.41046
-4.836334,42.014435,-78.02315,55.52234
-31.843933,123.43399,-156.5299,-176.53865
29.770538,123.193115,158.25848,172.0119
6.0832367,-118.460945,168.86963,58.163925
-152.30081,17.953384,-152.27524,17.954071
-2.8872528,70.77771,-155.66428,-48.91266
-15.229553,-178.98381,176.72202,-165.33546
129.55566,150.11212,168.05542,-119.52991
140.46881,0.009155273,-4.858719,-36.564545
-71.57898,130.20605,-83.949875,-171.92407
-32.371277,-25.570572,-32.376556,-25.569366
-41.010925,-12.498383,-133.72295,-80.837364
36.765167,158.28915,-107.22629,-138.79744
-27.570587,-51.326492,132.56134,126.08084
-26.782501,-143.81139,-150.64316,136.50769
8.151138,141.8164,-52.081787,-115.79442
-18.346985,72.177795,-92.46058,127.69711
-58.728546,-91.87206,-140.53986,-160.36679
171.26562,144.33447,-127.87992,-129.72992
58.05893,-79.19811,85.46124,-20.898376
-152.42102,-5.782776,-152.42679,-5.7847137
-20.473984,60.59738,-136.86848,110.83539
31.535828,-42.271927,31.535065,-42.269547
23.280487,165.36444,-85.47663,-131.5957
20.120422,-133.7172,-113.08874,-105.15015
-158.47131,-53.362953,-147.83801,-176.43353
9.550262,-106.20441,-80.926796,-97.248116
-31.689438,94.127075,-52.924904,14.867325
-21.236526,177.80887,-28.159332,5.1712646
-4.241684,4.920349,-149.96832,178.68378
21.97754,-20.61557,21.975616,-20.614075
-95.016205,135.09027,135.26447,-7.585556
177.19275,-141.14767,-175.60023,167.4234
2.245926,-126.53758,-144.82045,-168.6028
-9.351822,-139.34155,-105.60408,-101.57893
36.073105,-14.063614,67.80478,-30.980484
46.94069,-61.143692,-126.757576,-32.99939
7.8892517,164.69214,-147.17403,-106.634636
25.21782,-38.111023,177.8519,177.67648
88.80286,-171.93774,-140.97766,-138.36444
7.0864563,-68.48686,167.52847,178.482
8.557251,-92.37529,-116.45219,-87.16162
63.259506,-161.45798,-102.79039,-117.833984
-42.832855,-107.65425,-148.95781,-21.780518
6.0457916,-129.50928,-176.65155,-172.60039
2.8194733,138.50275,-145.54277,77.73706
-118.65806,79.50354,-140.17635,-106.1049
40.71309,-31.587677,40.259018,-92.08405
-91.86231,-148.53453,-105.71033,-145.32738
-2.3897705,15.1754,-144.38072,-99.12762
-4.7828827,-120.72009,-45.11476,-79.52839
8.504013,99.89871,63.24347,46.934692
-138.27486,5.7612,-138.268,5.7619324
-44.335052,41.17511,-128.37978,-124.95323
86.41504,-24.547226,86.41763,-24.545792
66.950806,-112.22841,-59.874527,-100.231255
4.58757,-108.54258,150.93555,164.58368
25.900711,-101.362404,-161.18735,150.93811
79.98761,-130.07927,-97.671555,-34.55066
123.90759,-139.56432,-160.57452,-73.79035
-102.25207,133.15256,142.05313,77.84778
37.110596,-35.3972,-129.98378,-116.5848
-106.49798,77.23834,44.18541,-17.924713
-159.49,130.18597,-71.4128,-84.357376
19.53746,-32.814972,-80.917534,-111.64847
2.2086487,170.21307,2.21875,170.21564
15.927017,-83.65368,-28.526657,-9.673691
-137.07608,28.153732,156.50058,-6.6010895
165.60468,-134.77113,-163.98807,173.11945
-111.74934,-81.59387,-134.19226,-81.76923
-149.96536,151.96951,128.12967,55.17987
-57.2838,112.79135,-57.286285,112.78992
65.55197,167.85587,168.64417,-80.89576
-28.232208,-53.986732,-65.53263,-62.67125
94.8049,-48.610382,101.17679,-11.5421295
-72.47302,42.90956,-155.83011,11.496506
-32.662292,30.134583,-169.57939,127.24545
25.009964,115.112335,-125.05196,-127.27481
-18.77266,147.00867,178.75089,-109.29062
-22.981293,-6.1781616,-88.056114,19.901276
17.697357,-38.867294,-7.399124,-43.08136
11.154068,-114.3465,-136.27684,-114.79284
31.14598,129.4964,170.84375,-143.33484
59.43869,65.92804,129.95871,177.53403
105.9187,154.21439,105.914246,154.20923
-25.676346,-156.45448,-97.07482,-131.21788
0.8323059,49.686066,174.32373,-162.50043
166.50311,-79.990616,-127.91346,-136.59517
144.25397,55.796524,144.26843,55.809998
167.92014,160.61182,167.92007,160.61194
-3.5120697,46.908463,-179.66556,174.53674
-20.500732,-82.69796,-112.027245,-124.28361
-52.65016,8.286392,-52.652863,8.292694
115.98248,-128.71986,-135.17412,-63.095398
5.373169,9.492569,133.71722,133.4096
-154.45505,44.973267,63.80719,106.56802
3.0836182,-79.1751,-121.79762,-131.64919
170.53125,-1.3307648,-139.54315,-119.305275
167.44205,-17.87912,177.92957,-3.8426666
-24.800568,33.961304,-139.37112,-90.900085
-88.606384,-98.264,-166.08281,147.54962
-76.38164,-110.238655,168.11804,-102.0742
-113.20402,-30.563416,-113.20632,-30.558243
7.0375214,-7.757065,-57.28267,16.732788
19.881927,-155.38124,-128.04834,-124.07719
-76.58341,-5.585388,-76.58173,-5.582367
-52.688858,34.58789,-89.308105,54.04019
-0.40818787,-123.23945,-0.4082489,-123.24048
-17.325226,91.46878,-139.0237,-138.6391
-23.351166,-145.96794,-140.46301,-155.3437
-19.254501,62.413788,-145.26128,-134.06438
-87.02193,1.2216339,-108.923256,-69.07054
-30.194366,63.982986,-145.5279,159.88123
13.085495,155.29703,-167.20738,-168.04228
-81.26119,-20.881714,-116.89604,-133.2233
-21.524185,161.26251,-21.522827,161.2633
87.11401,-19.964676,-148.33157,-144.60109
12.822159,-0.4116974,144.12292,95.54556
12.7929535,-8.064423,-144.81029,-103.10808
-10.036377,176.97119,-17.688492,-16.3367
120.67377,-45.571304,120.67175,-45.565277
-18.724976,-43.22589,-1.3316956,-1.4317932
115.08264,-143.91982,179.08875,-163.82852
-7.262726,-30.894196,-121.492165,91.36496
6.7332764,-71.12906,-58.620827,-62.608475
-14.046448,149.30643,156.3443,135.19
-115.36726,131.86609,-50.89305,49.89827
22.581696,146.07706,-123.30679,-93.77069
50.44113,-148.63573,-131.3288,-73.522964
-87.86283,-70.81391,-118.76001,-119.05007
-16.860138,68.20261,-99.12301,-112.2617
62.060867,-52.84977,179.91907,-69.55085
47.96086,-37.603424,-111.816444,-145.32645
106.70206,-4.8444214,134.14899,91.97598
15.264069,-70.09948,-125.7277,-125.421005
-3.2166443,-82.30578,-161.48439,159.13846
-14.22554,43.975357,-123.93393,-176.13356
-141.31706,-137.69217,179.02823,167.56738
43.420303,-29.83844,136.55038,168.42938
-86.9389,-147.33377,-130.77983,173.97968
127.2717,73.28577,67.31119,-32.462708
-8.77594,-18.065216,-135.2639,164.44171
2.8322906,37.635773,2.832428,37.63846
-4.812378,82.11301,-4.814743,82.1189
-26.027206,5.5663147,-160.28009,-136.71448
-45.075806,-51.483887,-55.593246,3.4964142
60.164124,76.854614,-4.2871246,-11.007568
-114.76695,-1.5809174,-126.449936,165.26251
93.000916,-45.375916,-70.189735,4.0018005
63.086166,-99.39112,-63.570137,-40.11763
-22.316498,147.71518,-122.47449,158.64365
177.44458,-4.13031,177.44702,-4.130066
-174.57985,-155.30916,-164.56165,-148.46364
70.84299,23.868439,70.8427,23.8676
176.93637,131.90167,-160.10204,150.0774
49.930084,-62.995117,69.346436,-52.863327
101.95859,-134.83553,-127.276665,-142.30013
147.77661,150.90387,-11.1011505,14.723572
-29.78267,20.919525,-71.65789,-7.1306
-6.2924957,-151.98515,-166.21777,-173.41273
-43.108,142.69531,-142.16214,-174.83514
73.87009,-97.15237,-73.477,-89.3019
32.48091,-57.021103,-149.90271,-60.431763
116.8624,-116.20281,-120.84947,-131.1865
-125.153076,-5.300476,-126.34697,-132.59862
20.146835,-0.33787537,20.147522,-0.33338928
-35.146393,16.633484,-161.78462,87.785706
7.71875,156.10907,139.86679,155.51483
149.93353,-65.13702,104.19891,-10.640396
-37.351227,77.894104,-141.48578,-152.99959
-131.89362,169.69058,-161.5547,-120.8579
-166.43794,-100.91027,-166.45575,-100.926506
18.088928,-8.55365,18.095291,-8.556961
141.01672,96.26242,-143.57352,-86.69942
10.756592,-67.08246,-61.10752,-104.8997
13.469421,97.17801,167.259,-82.799675
89.50369,-7.824402,151.65411,-31.047028
43.318146,-148.25507,-142.63799,-149.64238
-24.49939,-128.83826,-145.62625,-143.27275
6.27948,152.01993,171.8429,-117.15971
-22.799118,-5.223587,-78.738174,-22.279419
-15.558304,-111.35545,-84.866974,-146.93849
-4.362503,-81.139015,-99.16899,-113.828285
163.23248,164.06647,-142.0907,-132.76796
-26.720657,-24.910278,-138.28206,-129.98486
-18.617432,-54.507195,158.86908,150.64334
152.23764,33.298065,152.23785,33.29956
-17.499725,-121.41695,-145.90144,140.7685
24.758087,150.90805,-131.71654,-126.70365
26.681839,-56.82103,-83.747154,-78.37647
111.806335,63.134277,-65.79971,-11.540054
6.836212,-174.63235,36.15599,151.32544
-177.78242,2.1739807,-177.78064,2.1759338
135.03162,-27.751694,78.15158,-24.879562
-35.883377,-65.79167,-115.36354,6.748169
-3.5823364,46.70581,-157.1309,-114.21573
-11.913132,35.09265,-120.93371,-80.24581
-20.9048,165.01883,-85.849625,87.63016
86.29968,-15.586975,-142.70886,-101.570526
-10.097443,173.35675,76.76495,-33.19368
50.540848,-39.1911,92.08185,-71.36282
-22.96341,52.918564,-104.67237,-163.3561
54.98372,-128.71544,-92.35326,-19.183792
-6.5792084,-89.91564,-6.5793457,-89.91301
36.27559,-50.47287,-162.65015,-166.59708
-10.50708,176.62701,170.68439,176.00531
20.907608,115.56903,-10.995529,131.74847
-146.4262,15.71019,-64.91487,11.440445
31.54013,17.925827,-8.62648,-4.4528503
78.87787,125.098755,-36.231506,28.506561
-31.948837,151.22818,-148.58868,168.39789
16.960785,133.22937,35.035736,-41.127197
24.473343,-100.80095,175.12659,-87.88814
-122.645546,-142.77696,-131.18846,-129.48463
138.19022,-32.489426,-66.1923,-10.631409
-161.73001,135.64368,-144.58188,-146.05144
165.60974,126.47818,-123.183815,-122.36389
108.42218,-36.737015,146.80603,-171.7447
-162.58981,-113.19534,-166.14702,157.4985
-18.146927,-155.86008,-10.5833435,-64.72172
-15.266022,-133.16805,-109.9613,156.40137
87.84689,-141.22023,24.193878,93.220245
126.723114,2.830017,-63.36988,17.896393
-4.1116943,-46.98671,33.016724,-171.03928
143.1774,42.995117,-47.76085,-43.91951
-164.18459,-171.73778,-64.91657,148.26001
18.206558,124.23651,91.693146,112.78424
-10.095734,78.66818,146.33206,-23.19867
-165.27641,-121.44091,-71.52732,3.5021515
-178.93208,62.981598,-98.64604,-154.38167
-4.5319214,10.529373,64.55907,-60.189697
79.60571,168.04626,115.41571,110.21735
-101.58564,-178.29715,167.90631,-41.03116
-13.348267,86.960205,-113.66211,-154.78172
-138.66145,-57.18312,-110.82416,-83.73577
15.567825,38.226654,-72.753136,6.5150757
-88.991486,-78.78827,-111.20538,-141.12132
73.63539,-29.058182,73.63553,-29.060959
132.67133,-120.82487,-150.90794,175.04144
4.6705627,160.445,-113.06597,-124.295425
25.53888,-178.76736,158.72101,-171.7176
6.1578217,-1.8406982,6.157089,-1.8433228
-10.451752,-153.1846,-84.0621,-143.97179
12.055756,-24.651825,97.53006,-7.675537
67.709076,-30.671356,-163.24756,-163.26994
-174.17563,-15.140869,68.401276,-44.48828
65.74402,-35.431793,-156.85286,-67.88272
105.09622,133.59482,90.946014,115.7641
33.030457,175.93924,-148.35365,-170.75322
-176.89644,46.85846,-114.81968,-104.32384
-109.13269,2.763382,-109.12728,2.7679596
179.25464,146.30017,-109.44236,-131.48184
-23.722992,-6.3440094,120.65497,110.51346
30.318665,-59.008194,5.2693024,-16.722015
-13.464981,-78.24375,-119.67561,-143.99886
59.18039,1.4687805,97.05673,-36.376083
177.08237,-55.858856,-110.85158,-100.10943
4.2219086,-158.73834,-120.043915,31.77649
-21.469421,39.570526,-74.08222,7.593933
147.1596,-42.66806,147.17633,-42.66719
101.7583,-12.841751,101.75714,-12.843628
-14.810623,-105.38519,-110.06872,-120.07187
-96.967155,-65.606384,-82.678734,-165.85277
138.72833,-7.8088074,-129.11942,-137.93192
4.620117,-154.97968,-40.267,-43.733078
-76.20921,-117.56623,-96.739624,-143.19731
56.81581,19.983109,56.8049,19.98491
84.46829,-50.60504,-152.3246,-83.83745
5.9446564,-62.151794,102.173645,-176.59233
24.139359,-92.39958,-134.00801,174.73456
-18.492966,152.79883,-160.56097,-122.320885
-0.57865906,120.570496,-107.827545,-144.00359
-2.7178802,-140.16957,-124.82088,167.55273
-69.05179,123.11157,-69.05273,123.11459
11.171631,-110.789856,-102.76699,-114.88147
20.712326,3.6568298,38.0309,-23.211212
-5.9595795,-130.68196,-140.00964,-112.82376
-105.98116,-172.31181,166.88538,-177.61623
-1.0866547,-14.2099,-172.66367,-86.45556
-14.536819,65.67343,167.90579,-58.629066
19.380707,-122.72779,-106.87757,-131.2452
68.976456,-108.86607,68.97717,-108.86296
-41.140747,33.487732,-123.79537,144.82617
-54.96463,98.12439,125.38507,-4.444763
23.429443,-75.655426,-39.63623,-11.865585
-50.46872,132.81851,-50.471024,132.82047
-11.543259,57.940277,-76.99273,-155.37332
-80.56135,-31.099152,177.10632,-163.73688
-128.21513,100.06665,-121.88153,-165.61641
112.24933,-20.144135,-84.80426,0.43032837
93.84296,156.63828,-169.57024,-178.86671
11.658264,96.586914,-62.582382,1.9453125
-14.798965,170.4524,-118.641525,-130.22127
-166.95795,-5.9456177,-88.36884,-141.60333
27.71846,-21.052567,-176.77946,-118.7217
-161.78987,25.318237,-134.58797,-105.84225
-113.65328,107.163086,156.00763,159.01309
-16.081467,-176.91434,-136.49898,133.65167
-7.1964264,127.53226,-61.950516,-120.20131
-163.3363,124.51437,-127.59387,-128.70804
24.905304,-172.90385,178.80035,-98.54684
-118.510414,160.48697,-158.41478,-158.90973
-105.427666,39.525497,-105.42764,39.5253
16.985825,-177.30486,-165.95308,-152.33478
69.283035,-4.7871246,-154.7861,-81.2393
-43.95227,-65.023415,-128.56862,-105.11265
33.197357,-98.42316,-161.43044,-166.22185
24.047379,95.01993,52.686493,-29.943665
-64.10032,47.052216,-49.224808,6.986603
-56.38794,38.726425,-142.793,-108.48113
-151.02283,-104.025856,176.33258,-64.83493
81.8551,-99.74019,-135.66428,-88.819916
105.40936,142.30286,158.87628,179.95898
92.025665,-170.00652,92.026306,-170.00507
-49.356888,60.531784,-67.04747,160.74347
34.120697,22.106659,-167.74686,-56.358414
-40.09436,169.93341,-148.7584,154.84253
-2.2694855,-13.400192,-96.93898,-69.94218
31.902405,43.583527,154.418,157.02551
28.44461,-69.43724,-63.28553,-139.31137
13.142471,-41.677185,-158.85934,-126.8336
42.694275,-49.504166,-3.885437,-2.5148926
-0.6965027,101.205444,141.87506,-164.76936
-84.420265,42.118103,-84.41865,42.119583
2.7947388,-25.569855,8.728729,78.44174
176.60477,-76.92681,176.60379,-76.92854
39.30612,74.73378,-14.027618,44.392624
-46.15045,-83.968025,-72.31798,-3.7864532
22.778595,-89.22672,-107.79317,-86.929436
16.651169,145.09454,-117.16711,-140.374
172.53937,117.38086,-115.43797,-133.27065
122.01468,-97.90837,122.01532,-97.90755
-3.207489,-29.004349,63.46631,-42.3506
5.1375732,-151.07259,-154.20265,-122.76112
15.583282,-71.21006,-133.98633,-141.81718
-162.18669,-22.822144,-162.19228,-22.825455
-45.700592,93.331024,-145.70052,-100.343506
164.37802,-141.1106,-169.06015,-169.46579
19.507904,104.007324,-6.1019897,-1.6448212
-58.19136,104.31467,122.52472,-8.107407
-146.53392,-174.8041,-125.70138,-106.410675
-59.102295,-10.257111,-59.09748,-10.261185
-17.693909,138.14825,-153.92964,-38.07846
13.646286,-133.77332,167.2821,162.38245
-0.7209778,179.27856,-125.73917,-133.52982
-158.69025,-167.44722,-179.10709,-95.153625
-13.844391,91.18158,-55.15011,49.627625
-6.080719,-157.2775,-127.61916,-105.75549
25.94542,-72.6279,-60.281174,-72.701385
-35.46414,-49.135803,-50.804672,-35.40515
-153.3982,-99.623276,-153.00648,-178.34297
-15.29924,-74.21617,-78.34415,-145.92955
-117.23078,-134.15993,-142.76778,-109.70681
-3.025589,112.4559,144.3291,20.02066
-89.541504,-45.835876,-171.23935,-147.42563
-28.051773,-144.83766,-92.75532,-145.64368
47.327347,-139.14168,-43.503662,-20.935928
30.267487,-91.38841,-179.11304,-95.73689
5.9425354,-99.289764,-24.909653,-11.551041
-51.64969,-132.35008,-49.33185,134.10373
-15.361679,-120.69627,-117.36433,-141.55318
-111.04491,27.052368,-111.043594,27.055725
43.80815,-28.250366,-177.49957,-143.49876
-96.45024,-147.87961,135.2265,54.710617
-19.567535,-127.497475,-142.23387,-105.800735
-115.42574,-127.6602,-70.320175,-162.65268
106.57541,135.45801,166.48907,-176.68504
55.039536,36.73459,-142.87396,-113.60082
2.556717,45.83206,2.5554352,45.82837
-63.61003,138.88617,-170.00925,159.85538
-161.38765,166.15424,-117.24926,-138.64255
144.10309,-22.182144,-115.07718,6.8897552
-46.34552,15.283295,-108.49756,-45.468964
-173.10295,49.527786,-173.08748,49.527954
29.583664,-130.97002,-129.47441,144.0474
171.46979,2.0426178,-163.95049,-161.41835
-14.140152,-56.340492,-120.39044,169.88574
-38.6492,-12.303726,-80.2205,-5.40625
-5.985977,-149.53128,-25.715408,-145.71304
-54.255592,120.88373,-54.259766,120.87863
7.5677032,-115.96115,-130.66235,-106.47346
-118.659004,23.131622,-118.66012,23.131653
-76.91744,17.73944,-76.99162,17.744308
9.999893,-129.07274,-163.63692,172.51083
-10.567352,146.57004,-119.07574,-148.22879
-141.04044,-5.3593445,-124.19134,-115.41119
-110.42022,-30.692123,-148.45387,-125.938896
46.48297,-19.271515,46.483917,-19.270828
-58.020447,-177.04424,-101.34776,-147.80019
-91.770805,-93.43716,-122.30011,-113.06494
157.82742,-2.3846893,157.82764,-2.383667
39.50119,-178.06741,39.51245,-178.05154
36.20987,-163.30116,-119.518776,-122.127846
-33.44461,-147.54257,-137.73293,163.90326
-55.97325,-176.09178,-170.56685,168.49457
46.610046,96.3775,29.614319,17.13829
-57.59636,-107.42839,165.16553,-92.33998
43.49518,-26.473831,-165.54884,1.4216614
-12.088882,112.57028,-49.47232,32.76169
124.07938,12.266861,-81.622345,174.39438
-0.44610596,36.135345,-140.47536,-126.8674
174.22235,-64.52619,72.83664,-12.873093
-20.365295,25.847626,-20.363617,25.847748
0.25952148,-15.005066,-158.55453,-67.08837
4.757614,-141.54202,-140.43915,-80.41555
121.22244,155.74481,-105.25142,-93.42679
-14.692032,146.30081,-48.56888,40.38037
-40.532562,41.180893,-160.89676,-86.16412
-82.26639,-100.97656,-72.75148,-17.842804
14.361343,156.57544,-85.952484,-103.19784
6.5493164,-156.431,-81.72993,-154.46692
-12.0252075,-172.48445,-112.31291,-164.29941
23.696686,-0.74772644,-1.0192108,-11.0802
40.96132,123.21362,177.40753,-177.56699
-150.452,61.36679,-109.99781,-158.29605
34.148346,179.69788,-127.52599,-120.47306
10.059113,75.660904,-93.80544,-133.84178
11.118988,-133.93204,142.31458,-28.885529
155.69058,-8.091827,155.68689,-8.089249
115.807556,141.39114,169.202,-159.21191
6.8721924,-52.127502,-158.27628,-74.5005
-6.8204346,-135.24379,-139.16779,-179.22673
-13.610382,158.17853,-8.510742,178.50317
31.815765,-23.657516,51.03186,-73.3731
-1.3717957,80.77734,50.336884,-40.235077
-179.21922,111.778564,-170.66342,178.4964
49.612137,-41.269775,166.41083,-44.07721
-14.866211,75.83688,-122.05656,-142.7177
-153.78262,-129.74814,-136.12436,-90.14034
163.61371,-89.558975,-111.17345,-98.64684
149.25989,-0.6235657,-131.4923,-103.33362
175.13617,-62.05346,175.1365,-62.053192
13.835037,-56.837982,-61.20479,-95.72679
-21.864883,82.36676,-151.0829,125.70935
-70.68701,-175.1273,-129.65369,-60.287155
-54.815277,82.069824,-132.46623,-117.39161
-43.8481,-165.45528,-124.984566,-122.0
137.26611,-37.231842,-72.7854,-161.6556
17.456757,-141.90259,-9.91153,-34.04654
-111.021324,-165.23138,-108.52708,-90.20872
-106.33597,-62.885887,-62.450806,-130.33733
10.937256,-16.057251,141.96625,150.10663
166.58987,21.87207,75.981415,6.5925293
125.62076,131.26447,122.79764,87.7486
-170.84482,40.190796,-134.52544,-130.42706
170.45657,105.55817,-177.64365,169.37561
119.57968,58.94687,129.22308,168.27527
-22.9702,21.364685,-46.33931,-3.1166382
161.46149,-102.35643,161.46301,-102.35478
-32.065125,96.93417,-111.081055,173.09174
-89.090065,166.54523,-148.30957,-134.89581
28.543396,167.9686,-115.56185,-117.601204
-114.62336,13.007675,-114.619194,13.006409
-58.818527,-1.3235168,-58.818054,-1.3272705
-10.777161,-133.28508,161.34937,-173.48785
75.74539,107.89172,93.81671,100.300934
-0.22741699,-147.07552,-98.98424,-146.39465
26.313324,-117.46737,-37.53473,156.03113
-167.69568,-151.89917,-128.45631,-132.95897
-19.492615,18.895096,52.687653,57.7592
49.74736,141.04462,-108.55708,-146.07022
19.279022,-27.239258,-173.85574,-97.21558
-54.465347,-6.1172333,-54.46997,-6.1226044
43.263596,14.628235,43.256134,14.633865
106.98248,-138.8686,-93.09315,-73.782684
-14.362869,101.73065,141.31128,72.386475
12.030441,-105.31049,159.37793,-48.1409
171.53296,-121.00156,171.53424,-121.00519
-22.167328,-97.0705,-163.79218,-133.2403
-4.8947144,153.8529,-146.65366,-130.44907
-9.508911,20.210098,-9.495026,20.208344
108.65375,-87.38953,108.64987,-87.38355
-74.84855,119.84442,-46.80963,118.16449
-102.84411,66.91785,-102.84369,66.918015
-17.810715,114.76227,91.87894,-16.73256
38.753983,-109.59861,-125.92898,-2.557785
-19.028122,-122.06952,-136.3308,-144.59213
110.96097,-35.703964,-72.78276,4.0534973
-10.563538,-162.87602,-70.276344,0.84802246
4.7026215,117.19849,169.13354,-113.610825
-23.540695,-138.65793,-179.94917,-170.44458
-9.477905,-49.76068,131.1737,173.22235
79.22647,115.79831,156.76239,-58.92624
0.3459015,-128.90854,-122.76773,-79.356735
-126.49366,133.87897,-122.599144,-139.92697
24.678436,35.91855,-63.09355,3.9395752
-1.331665,-17.852554,-80.51546,151.5437
-12.722427,-12.4105835,-101.63003,69.95537
-108.52611,99.03305,-108.524796,99.03595
-141.24348,176.15594,158.21179,-60.47223
-19.402008,-27.268417,-19.401718,-27.269348
-1.9916382,39.25267,-128.12675,-133.1574
7.730957,-68.16357,-52.565567,-69.31201
-109.54954,75.67256,-63.170486,23.511139
16.314972,-83.00922,-166.6392,160.80368
59.131577,155.90512,-175.03868,-144.67445
-19.275742,122.95752,-82.672646,103.377594
1.6568451,-105.50799,-162.79442,134.14859
-50.03833,-168.2796,-136.1197,151.32349
-114.2548,21.698761,-122.338554,-70.89918
-16.397034,101.34125,154.17767,-127.02814
0.22241211,42.12744,0.22259521,42.1279
15.145325,-91.63358,15.14888,-91.63036
-20.84172,-171.1386,-108.166695,-168.89622
60.100952,-42.84735,-163.2816,-163.42674
-148.52527,152.67667,-148.51837,152.67413
115.74115,-152.54431,115.74231,-152.5435
-51.0838,14.424301,-168.88208,-102.14012
-153.47672,-99.6861,166.07568,-109.250374
5.57193,156.85736,-107.110214,77.75513
26.779205,-85.1884,-136.44766,-98.27646
-21.862198,-31.845535,88.69568,-136.46518
103.3844,-41.31871,175.88019,-50.2538
-22.808594,-19.822021,-115.343735,-123.660736
-167.29208,-146.78473,-167.29192,-146.78395
9.941132,-61.275078,-76.35461,-118.614494
157.94226,-141.70363,157.93042,-141.70602
142.71692,161.31866,142.71744,161.31781
-10.134323,-75.88899,-122.68856,124.97543
14.392227,27.491318,-131.77788,-97.19489
-7.753891,-142.22368,-114.81235,-105.39129
4.275879,-99.05111,-144.81679,-152.74135
-4.419098,22.299835,-109.9384,-125.188705
-8.139252,-131.29776,-125.97514,-98.02726
142.44534,-27.584839,-81.34157,-84.03302
-61.600098,82.04837,-154.53625,166.8536
-99.45496,65.31444,-99.458626,65.31082
10.125122,-141.35411,160.27036,-177.6726
128.04242,163.29007,-75.29745,2.8594055
25.069824,116.40689,25.04477,116.40576
1.8930359,31.407578,-129.25394,-96.93923
26.301407,-165.47275,-163.19955,-66.4265
-8.639389,-106.89478,-94.811325,-121.42651
-157.64536,2.1549072,-157.64888,2.1528015
13.877899,-24.98703,-137.9895,-111.20629
-2.4597168,-10.661575,-2.4603271,-10.658722
-15.482559,145.46698,-15.48111,145.46582
71.69751,-19.499847,71.69354,-19.504349
-27.013885,-82.12568,-107.736305,-5.3411255
-3.1933289,-115.972496,-144.83434,170.64532
23.26184,-44.465546,112.75464,-13.879211
-26.237427,-10.171783,-26.23877,-10.17337
-89.92864,-79.04688,-116.61149,-139.57323
-21.766327,-100.11934,157.8233,-173.2819
5.9636383,101.84241,-143.47845,-86.44056
-31.67099,-6.842911,-122.033455,59.426773
-1.1984253,-131.4782,-133.63535,-136.15773
-112.76351,-70.49387,-108.68108,155.75735
-68.217926,6.7175903,-68.20845,6.7164307
-131.72054,-167.41496,-120.471275,-110.852005
54.4823,-175.2577,-145.85881,-128.80205
-17.925262,-128.5473,-141.54132,-116.68647
-28.108185,-137.8117,-99.68428,-148.01744
19.876617,2.8115997,19.881546,2.8160553
29.693298,-8.250122,-179.51096,-128.61858
-1.6003265,67.81163,-108.75069,-122.6123
10.966919,-24.422058,124.921936,171.0993
130.30676,-57.82682,-57.650864,-28.094345
-24.210602,-83.31453,-63.14839,8.957382
-119.73027,162.58429,134.04913,54.574448
24.744064,156.00696,-164.81218,-125.477585
17.253876,-101.90799,-124.83198,-139.15904
-46.11606,-135.09196,134.75122,-166.21667
-164.97266,105.53894,-162.00676,-172.5393
-8.155212,109.395905,-169.4646,158.2113
-29.638702,26.790344,161.0672,-41.425964
55.293457,-90.02646,55.291077,-90.02996
-6.59256,157.80533,-90.35254,-130.13364
70.82486,93.024475,150.27051,105.022064
-77.02967,70.630646,-120.608116,-80.69308
58.417664,-50.00943,-104.83147,1.9482422
47.85797,-43.91591,47.87445,-43.940414
31.217743,-33.432526,-155.14864,-134.6497
-7.8474884,-85.936226,-123.27082,-82.49598
53.057205,-80.83094,-166.57767,163.568
144.94965,-47.739838,144.95142,-47.738495
-49.782745,89.45761,-76.46747,20.429153
147.08691,161.26117,-158.52945,-115.299576
-26.09665,81.078,-161.4139,159.65674
12.920578,178.98172,-164.03104,-161.77473
-166.24759,158.64743,37.534393,-17.658417
-2.1482086,74.111755,-52.70012,-2.6518402
-72.26066,80.65576,-74.83034,8.865906
-171.7335,78.479065,-141.32387,-157.3025
-49.69287,-106.983086,-122.1439,-79.366516
-47.78531,-96.52103,178.70984,-57.83876
8.681427,70.40988,-92.62359,152.77399
27.31099,-43.467148,-134.0646,-25.716034
91.58234,9.268448,91.58194,9.279572
44.34677,-133.0588,-143.70537,-122.33653
54.66504,-52.33644,54.671753,-52.331215
-8.964706,-151.21507,-104.22099,-143.54692
-24.349075,-126.41323,-124.58032,-146.55258
-19.068588,-173.76505,-131.58496,162.57312
-12.935654,52.915573,-132.18645,-174.33447
-77.60995,-99.090775,-139.37961,-114.205765
11.125397,159.1886,-138.24594,-161.02107
5.0763397,1.3769531,5.0765076,1.3778839
-18.722244,-92.254234,-113.99621,-85.492355
-7.291275,-104.22674,-7.29097,-104.22707
1.348053,-43.951553,-116.226875,-58.69951
-13.6465,78.13925,-127.6644,-122.7524
165.27417,-145.20117,165.2544,-145.19347
1.4606323,119.94864,-113.37931,-137.23123
170.47101,-58.9514,-150.9798,-83.313965
-9.665695,-75.41403,-151.94194,-76.45824
-39.415833,176.05286,-142.90393,-114.791885
43.099625,88.69772,163.7854,163.79227
100.79721,170.9585,-154.50473,-153.89294
30.98433,-125.579666,30.977219,-125.58994
-6.7596436,26.970947,-6.758896,26.969284
-39.055634,55.81125,-91.32575,-5.303467
141.03354,-38.091675,-177.42218,-130.19748
-110.564095,145.44104,-159.51042,134.58887
-4.922699,137.07605,-149.04877,169.08887
7.302002,56.05925,-160.95215,-61.138763
4.325165,-17.574905,-7.164978,-10.780594
-27.747452,175.7019,-100.83295,-138.31013
158.82275,76.025604,-58.680344,6.514633
154.2648,17.652435,154.2533,17.648346
3.1823883,-141.72461,-76.870056,-150.94032
-174.63043,-26.74295,-174.69194,-26.77919
-13.542007,-122.78183,-171.91331,-164.0453
62.567993,-77.79199,-109.92474,-79.15961
122.54617,-111.42248,-73.99127,-16.306686
-9.690308,170.49277,-154.99776,-150.12605
-79.123535,44.50331,-66.85388,5.062958
171.49121,-15.712418,158.28918,177.15164
159.95929,57.707626,159.99368,57.710144
63.868225,-113.055626,-108.07864,-90.965515
-66.30888,13.673172,-149.19295,125.6279
-28.452011,99.33188,-112.38081,-151.78952
-7.0469666,-37.0224,-94.47554,-77.84543
42.42511,-87.1575,42.424393,-87.15598
-13.807037,-157.37798,-13.806213,-157.37576
1.6663818,134.61023,-143.53152,-130.19524
-3.8798218,-72.15349,-11.323746,-31.934708
79.809845,-104.00427,79.800476,-104.00508
165.54712,-86.528984,-156.35011,-65.45481
2.801834,5.9783325,-98.24085,107.949005
-54.701828,20.152557,-130.32236,-99.129906
46.556366,-153.25111,-157.30847,168.72388
-23.457489,11.699524,-112.30531,-152.51717
28.429764,-92.22122,-169.93166,-157.37663
-176.47488,-56.64984,153.34149,-124.37226
-80.16671,167.31995,-151.17542,-166.03894
-13.10762,-126.019325,-44.102173,-62.662025
19.960327,-49.05446,-156.71243,-95.375984
87.28357,-64.31595,110.08185,-20.84439
-77.96378,35.07924,-54.845497,-38.436905
-4.0315247,32.77986,114.27057,109.51962
-9.758469,-171.76558,-151.91948,-110.337776
101.57617,-90.91562,79.73932,-31.894653
-160.91203,149.98322,-155.6769,-143.52452
-11.827759,71.26822,-53.74707,-172.31427
-30.476166,98.172455,-163.80476,-98.83888
-152.7904,34.229187,-152.78897,34.22882
-38.49739,32.660904,-133.73466,-160.6975
16.02298,-32.743164,-161.25067,-82.790115
124.37634,116.683044,107.12143,-103.95033
47.171677,63.99466,-160.18806,-127.97318
-12.093628,-141.63792,-147.99655,-95.949326
9.0372925,-103.23511,-145.7131,-151.54872
-31.404663,-92.56716,-126.75948,-130.22166
15.743454,120.08087,-96.61095,15.004105
-29.483673,-51.44426,173.7254,-168.55862
171.18365,-2.4981537,-122.33589,-130.77608
164.11386,11.314301,94.692474,-39.724472
-3.3417206,-42.62451,122.085175,176.56
-131.9025,65.51984,-156.60411,-122.68539
7.706848,-8.649963,7.708832,-8.651245
-122.05098,92.14023,-142.38448,-152.468
42.003113,-14.024704,-54.585907,-15.634064
2.6731567,22.450104,163.50534,-106.92891
-130.63136,100.180176,-76.29098,3.6735382
-95.843925,-59.53076,148.05707,-13.709946
-2.5657501,-56.737312,-112.10746,-79.09056
-13.444733,168.22446,-90.1635,-139.63663
7.1352844,-2.7794342,7.135971,-2.779953
-28.222427,-24.313492,113.87073,87.990234
-121.58648,116.57095,-152.52007,165.31195
-31.751892,-13.665878,-129.21664,-101.105736
6.609421,-69.66913,70.536316,-81.157684
88.79233,-123.58803,-112.09074,-92.97359
-12.0455475,-78.03119,-158.37292,142.66547
12.876892,70.245514,-6.139328,39.82213
9.189163,-162.65897,-123.858444,-107.368576
19.090347,116.782776,-78.52086,128.08484
-1.9272308,15.533157,-67.68491,-41.3416
35.32773,-135.6736,-123.002075,-107.06121
36.211548,81.818665,143.39459,156.7446
-56.568985,63.431,-96.888374,174.69159
129.52704,18.221619,129.5326,18.213501
-23.901321,40.91986,-43.977386,13.757599
-83.57398,-54.331726,176.88065,49.02475
4.1550903,-28.74823,4.1465607,-28.753769
111.892395,143.76978,-95.92765,-127.2402
9.72316,-172.45143,-114.28978,-139.28136
167.58392,-2.8162384,167.57779,-2.8202057
-9.608292,164.27634,-99.95596,171.00012
7.981537,-147.88464,-116.56032,-146.24348
63.241486,-173.6362,63.242554,-173.6321
-32.32155,15.210449,-135.99713,-154.59862
11.799103,-133.15663,-68.89412,-161.90576
5.4951477,139.52301,-68.07845,-139.4408
-145.46948,4.2535553,-145.50372,4.2481537
-115.39085,-114.61203,-133.28163,-146.40277
88.63498,28.055801,-92.26438,-176.78563
-4.8264465,-120.519066,-92.647,-140.1197
11.806473,-178.07382,-96.82594,-117.079384
-7.437973,81.8306,158.41379,166.29828
17.688019,-155.73195,-118.0208,-121.29528
-138.84239,-7.1675873,-138.87177,-7.171829
-17.884094,-131.48216,23.766449,67.35782
66.43436,-168.92078,-127.46802,-158.36475
171.0853,-171.06026,-178.62822,-174.7676
-8.8237915,-84.72187,-55.497543,-64.64721
31.585617,-85.374794,-145.23007,-65.65061
158.77051,-5.8668823,-136.50946,-82.97793
8.406372,178.1496,-136.86337,-114.03993
-23.477722,112.15381,-141.55836,148.49377
91.50134,8.707184,91.52222,8.715637
160.25903,-137.37712,-147.8443,-157.64937
58.71498,-74.20279,58.729736,-74.196846
36.70642,-100.95086,-122.513596,-82.75915
-11.096222,3.2805939,-125.90128,-125.764694
-92.77819,88.42987,158.67569,176.17139
-2.6396484,-100.131516,-120.67691,157.88904
-19.337967,-72.814476,-117.226006,-127.13645
-39.84163,129.44199,-39.83783,129.44617
35.23976,-40.823456,-63.21347,4.713318
61.678314,-38.499466,61.64496,-38.53383
5.3374786,148.70978,-164.55725,-76.38936
75.95282,87.05957,-102.12014,-118.01507
-151.3502,17.188461,153.07922,37.61194
86.2619,-69.5526,168.45694,-65.66989
-120.36476,-68.75518,149.91833,-168.88872
-149.22522,-37.37195,-149.22534,-37.35727
18.38948,-138.44972,-55.17163,-174.51326
-51.42563,155.08575,-51.41324,155.1019
-18.021255,138.03763,160.81421,-144.0136
12.406036,-19.824387,-62.036636,-32.779068
11.666046,-158.26764,-90.63762,-160.2172
6.845581,170.55798,139.9928,-151.63159
60.928864,-78.216835,-139.71146,-171.30128
26.449142,-123.123024,-87.19338,-140.19507
-50.279022,66.335724,-50.302353,66.31241
142.3299,21.750916,13.679703,50.535706
-21.789795,85.740326,-84.15831,-120.58278
53.332672,-47.149506,-131.48607,-71.76975
-7.533905,99.14465,-74.4987,15.382996
-37.693268,50.857147,-64.32002,2.379593
21.207443,116.3472,-60.21089,-74.81894
5.1854095,144.53198,-122.341064,-143.62732
-0.87838745,-114.98756,-132.50974,-111.999275
-41.849976,-108.966515,-41.850235,-108.96488
25.132416,174.07043,-154.24237,-129.15295
8.844299,31.51065,172.25537,177.8255
-65.799286,130.53,-153.67108,-110.67441
10.842117,171.53418,-99.44151,1.0149841
87.30017,-19.264923,-75.831474,-63.3275
-10.533356,18.10846,-66.59862,-74.761024
-26.441635,-149.14255,177.67844,178.03369
9.042923,129.38333,-36.314697,26.077927
55.566925,128.37433,-177.30563,170.64908
-25.766891,-12.584717,-25.832825,-12.656708
-173.19858,-147.53242,61.714005,-36.244217
16.039993,94.67975,-70.07893,-50.070282
123.28558,-139.4133,123.27911,155.30362
-22.345184,-9.4062195,-60.205,-22.053635
-117.87267,-146.30905,-128.01108,-146.19781
22.021576,-70.90633,22.021225,-70.91016
-130.43425,-145.19054,-130.43982,-145.19319
87.32849,-57.127846,139.2651,-42.649124
8.793915,-162.398,170.7103,-62.074753
-0.77615356,52.0477,-140.63495,-139.68817
-24.078217,38.627365,-155.8951,169.22388
16.959625,83.209015,-36.030594,11.730484
-56.08824,-69.460655,-56.06604,-69.45464
139.56192,-170.97392,178.97784,-170.22136
-75.76985,-118.25727,-131.7065,-100.558975
-149.48271,111.49521,147.14508,-46.577698
-13.456284,-96.39298,-150.69238,-141.07414
-119.69764,-126.12064,-46.563965,-51.217957
-126.71009,-166.56792,-130.13062,173.7938
26.196594,-74.64894,-116.84199,-112.394226
-66.958435,-136.87419,-66.957756,-136.87299
114.68814,0.95762634,114.68857,0.9586334
-18.124924,18.445053,-134.36127,-130.40514
59.42758,-95.49325,125.35361,-9.333267
98.168396,-47.680756,-176.5503,-110.55774
-19.757599,2.9482727,-167.21759,-7.044983
-154.81363,-12.950684,-117.77165,-137.691
-2.0652313,155.90784,-102.793526,-117.402695
-71.237495,2.0137634,-71.28115,2.030136
40.191788,-41.73192,12.581741,1.4452667
-6.444275,51.89566,-37.775238,5.5738373
43.949677,165.85193,-136.74005,-63.778664
154.4903,174.50433,161.65686,-178.7725
106.08917,-78.27021,-157.8406,-98.00421
-172.57701,-7.0461426,-172.58134,-7.048004
85.94409,131.64417,-136.13892,-124.98613
-110.56866,-7.8459625,30.10196,-16.676361
15.453079,128.1153,47.57872,-52.54013
53.702194,-23.505402,-111.851585,-127.14905
-3.680313,172.78375,-148.42073,-128.04765
-0.48493958,52.48752,44.8994,-55.03476
-172.1912,127.151855,-172.17818,127.14514
-40.30327,0.9518585,-147.5018,-66.28094
-101.38672,65.017944,-101.39436,65.01941
2.991043,-80.406555,-69.80299,-7.253235
-11.42041,-163.44391,-133.32512,-102.884155
1.7749634,15.649704,106.69498,91.15039
89.55148,130.90198,-53.555344,-2.6079712
7.142914,-134.08784,-129.58684,-177.96364
-13.393524,162.63419,-68.78894,80.909424
-23.004211,-164.63754,-82.11907,53.934967
31.49054,118.29303,-44.519882,-131.61967
5.140213,-61.248627,170.80441,-54.580627
-28.78093,161.59317,-126.18383,138.7373
33.743103,-128.91222,-99.5764,-86.54959
2.6090393,-138.19286,174.07336,-173.35085
-25.650757,-78.89242,-173.04729,167.54544
-8.125381,-5.214096,-8.124603,-5.2107086
-137.9871,-7.0052795,-52.853157,-24.082642
-26.868408,-151.60483,-162.51714,-110.74386
21.276855,-107.10233,-30.687439,-32.261612
-34.68094,-158.36758,-101.61399,162.9776
-36.85721,-45.76352,-141.74358,-120.45891
20.973022,-81.863304,-124.11037,-116.50865
-24.230255,-18.127594,148.14703,-169.92372
-18.09282,49.738327,-105.83469,-95.481735
8.9835205,-51.09482,-108.096436,-122.638664
25.200043,-75.648636,-121.152245,-123.32669
-50.644592,150.0553,-50.653717,150.05115
-4.0446167,-30.583328,-136.80649,134.34576
-19.161163,82.82007,-51.209885,13.702972
11.573898,15.728973,-126.37913,-82.012665
7.0290985,-28.320526,-29.562073,-43.199387
13.127609,-89.95685,-80.71548,-127.24496
-5.4687653,-35.95993,-122.51107,-121.88356
-161.68535,-15.772873,-161.68437,-15.765762
6.396225,136.82477,6.3920135,136.81882
-37.08658,26.064682,-164.63222,176.15753
-26.260254,-134.94669,-126.453026,-123.511566
2.217163,17.617065,-133.67201,-104.42456
15.217102,-125.12147,157.76462,-179.79549
174.03949,-77.83821,169.61758,-144.68027
-21.670807,-3.0075073,-110.81,-118.614075
-152.40013,-55.470154,-152.41121,-55.47262
166.03903,-157.68416,-89.060425,-165.84857
-18.382355,179.05511,-77.33255,-92.042984
114.134796,-84.289734,-130.76176,-109.37516
-52.312622,-161.32062,-66.3906,-125.20555
-48.531036,-138.4533,-60.48271,-84.89392
-115.29476,3.5901794,-140.78212,97.81946
-45.12343,137.80359,-103.49059,-97.736115
-33.10817,122.83069,117.81378,-14.380753
-179.21597,168.2933,-179.21196,168.29477
68.87286,171.70209,-179.43188,173.0882
-30.781479,-62.143356,-72.71259,-14.175217
149.13324,28.939789,-156.92435,-139.87479
5.926712,-85.39155,167.40393,-93.88239
100.62332,-48.843918,168.89587,-48.962097
27.352875,166.38284,-45.227173,-91.881065
-6.1084137,-2.3326569,-8.932892,-19.15738
1.8038025,-80.271324,-118.21,-111.14296
20.325592,67.24188,-89.4795,-138.74515
10.640915,-162.80353,172.45874,-118.05755
9.938599,-18.505188,118.564514,125.88092
14.672913,-124.773636,-162.6981,-115.106285
52.95233,76.237366,14.063202,-43.428986
4.112564,134.61017,-131.68723,-81.63098
20.65509,-102.03424,-135.34035,-108.07265
24.388626,30.457489,-100.31658,-113.39612
-0.77272034,-62.43892,152.94797,147.6778
-111.199165,-129.11351,-145.66808,-132.06013
26.689941,-59.862442,-122.840485,-92.900856
-82.37788,-131.46436,-173.99701,179.05212
-2.7249298,-129.92757,-115.61723,-117.350586
162.45874,-102.228035,-90.501236,-82.159065
13.225388,-161.00713,-148.02861,-119.91482
-15.3815155,-50.35904,-15.36792,-50.314026
112.0744,38.10553,-76.009895,-3.6104736
-17.113861,-137.70206,-134.47958,-169.18137
16.03717,-171.83795,-112.315796,-179.47342
-0.77871704,-69.36482,-122.46226,-118.00391
-11.248795,-42.67047,-137.25377,-134.20378
16.228912,133.07648,-119.9009,-94.08245
3.9787445,-173.82022,-34.252197,-26.446426
-61.085457,48.768402,-113.37164,-178.40352
-5.602539,-3.1774597,-147.49265,153.51886
-43.579025,61.66011,99.31714,127.4556
172.88971,-2.2826538,-66.44244,-45.100037
-58.309067,-117.98191,-169.51518,49.998688
23.62358,-34.99283,-149.59604,-136.09518
-0.9921417,15.405884,-106.89933,-121.707924
-4.01268,-135.28839,-152.03558,-147.46974
38.47293,-147.94945,-61.692688,-60.125015
-3.582779,90.37689,-110.2175,-132.41966
-104.1923,-5.989029,-121.08535,-156.57391
5.609665,-127.47387,122.66937,-139.88806
-153.22047,-106.26419,-43.637146,-7.9727783
-7.6030273,165.38766,-144.90485,-97.440315
5.334915,-64.75542,-68.49443,-122.532715
-54.78598,146.36642,-123.74681,-177.6501
-27.985703,23.616348,133.92139,175.46844
152.3859,-28.46138,167.56421,-64.749954
-82.80095,-76.53285,162.60312,-59.126312
-104.36551,145.9347,-176.09451,-50.11841
167.34839,99.69873,166.32379,171.16638
-121.57772,26.070618,-121.54045,26.09114
166.59619,38.12596,166.59015,38.12068
122.006836,125.36362,-152.35103,-78.306404
-118.45691,-79.37193,-118.53498,-79.38351
76.29932,126.18674,-154.26892,-128.79599
49.156387,-13.855118,-62.184998,-153.28246
15.409042,-169.46846,-154.65141,-157.2935
-38.979523,79.46661,-79.773445,-66.674255
20.148285,-16.400223,-99.38623,-151.33832
-79.05766,59.33185,-159.10977,147.0492
-142.16672,50.971725,-55.244682,-26.053864
5.7731934,-126.76904,-64.16065,-146.20557
-11.3155365,-128.1667,-126.20808,-122.57475
-96.17591,18.910614,-122.24732,-80.07891
-34.061615,171.73117,81.81134,-20.454376
12.61496,-160.21617,12.613907,-160.21811
113.8338,6.5940704,113.84235,6.594925
14.849686,100.560486,116.88794,-5.095398
-17.86174,141.21735,-124.26395,-127.165436
129.83142,37.41902,-114.893326,3.3804474
-179.14058,105.30859,-179.13759,105.31131
19.835327,-102.01073,-28.757706,-128.00398
47.732162,-151.50587,168.72327,162.82529
-46.442795,-109.76918,-46.4411,-109.7693
13.159943,10.300262,13.160156,10.300766
-18.098114,133.22571,-112.140884,-163.1613
-0.15939331,-176.88515,-165.13286,-164.2725
27.651398,4.748413,178.81586,-146.06425
36.155273,-45.94583,-165.74487,-48.3378
-8.217758,133.45697,-70.78256,27.315979
-3.9352875,166.4768,156.75473,-175.82678
-4.2196045,143.57599,-32.891052,34.086243
-162.94891,158.4011,-170.35599,-144.36604
47.319473,-125.15362,171.0181,-83.63709
34.494553,-115.22102,-114.22881,-81.68009
-32.308014,-12.837677,81.48328,73.908264
33.054718,72.85617,-93.87437,-96.62482
-70.61957,-94.766655,-171.88538,-107.80216
118.97888,30.232376,-37.843445,-32.550003
-43.07863,-104.06707,35.548096,8.537125
152.15936,-151.69954,166.57983,-2.2259064
5.492508,151.47131,-148.24213,74.64148
86.2652,92.42804,-162.1269,170.19977
-10.323227,-111.31896,-115.370285,-140.39867
-1.3962708,-35.170456,-131.25041,-140.85576
-28.4059,-7.0574036,-152.67773,125.16095
-148.33711,167.98492,-149.95358,-138.75385
-176.6984,-17.755966,-176.77242,-17.772018
135.50436,159.40012,132.12286,160.84143
66.07271,-116.39692,-163.843,-178.08678
5.391556,172.42615,-143.9868,-131.28404
1.7071228,13.730316,-121.05159,-144.07997
39.44574,174.54279,-135.31175,115.60431
24.64444,-55.146347,7.4479675,-61.154762
-16.448105,-47.185944,-82.63643,-128.56895
23.19162,-160.80176,-75.27332,-105.04289
-4.5393524,-133.0734,-109.386154,-130.832
172.30768,-167.88814,-162.5794,-178.54721
34.891037,-144.37077,-22.354263,68.017975
102.97363,57.329285,102.97171,57.33168
12.835007,154.40802,-157.807,-122.80147
-15.902939,145.16495,-98.31143,-155.17752
14.0516815,28.205185,-99.21393,107.35971
89.42914,-59.783928,-107.95585,-19.34668
-9.179947,-77.57907,-126.86797,-121.67095
-10.521271,-54.39,-59.901085,-0.24551392
-16.294586,58.037888,-44.520508,-113.52315
-4.3394012,103.09097,-141.47414,-144.48763
130.36566,155.82806,-101.56602,-172.37848
74.82211,-100.40043,74.8165,-100.40185
-72.695755,-135.93391,-146.34134,-173.50221
-23.826767,-95.75718,-80.20049,36.69963
-6.046051,135.97003,-111.17581,166.32635
6.6439667,-100.236305,-104.49906,-120.61782
46.3161,-139.41205,-44.24678,-12.930038
-74.48627,20.368317,-172.20648,11.308441
59.08011,27.342194,-122.7821,-126.51501
-154.15732,12.287018,-154.14029,12.296814
102.91211,-85.925705,56.23578,-19.864197
69.622574,-49.907166,-70.4511,-127.86796
109.95004,-94.73113,151.88544,-60.005157
-21.901596,131.58313,-146.60016,-179.02423
5.590317,-18.770386,47.244965,74.25433
111.3822,-151.02084,111.35724,-151.01201
38.36882,116.52722,175.18427,175.09021
35.59178,-48.856934,34.51381,-18.12407
-6.7398834,174.3548,-165.64754,-133.55986
-22.431793,81.14859,-132.0761,133.41388
-9.739151,-164.92082,153.93552,-7.022049
-11.285934,130.9538,-61.84484,-126.17098
-13.121719,120.91705,-122.895004,-136.8553
-7.603348,134.09808,-62.678146,93.12207
102.36871,140.10394,-179.11583,-120.12615
-59.598587,-158.04744,-59.606644,-158.04678
0.69810486,-18.42482,156.83829,172.33203
11.299927,-38.61406,-138.17456,-140.0003
15.885437,-138.94812,15.886948,-138.94923
-6.37059,-39.593582,-115.33901,-117.15383
-17.031921,133.68896,-62.89672,-79.09753
-1.9730988,-130.45921,173.62387,-96.81736
-18.5316,112.26669,-140.52489,-113.550316
11.01709,103.866,145.50879,153.20624
3.4244995,-134.62456,53.419373,-58.245224
108.18402,136.34094,177.45984,168.24713
-165.45934,-113.335365,-165.46512,-113.339355
-72.121796,70.58197,-125.590744,-141.17436
-16.694702,-80.420685,67.134155,-138.23605
80.63312,-52.163742,175.24185,-74.9937
2.380661,156.643,179.45923,-117.88571
-133.90274,34.03006,-85.51602,22.125793
-18.703064,-163.086,-117.201935,-130.53824
-25.072174,16.570496,-76.76204,-101.04587
18.10884,122.11685,-159.81607,-115.94169
-27.759003,47.95044,-113.547676,11.240723
25.033691,1.2420654,25.029205,1.2454681
3.7806244,-2.7750702,3.7809296,-2.7736359
-176.10912,-59.17076,-140.39577,-162.15538
167.22656,4.353302,167.24316,4.3578796
20.302338,13.612946,-54.9514,-76.73665
-16.29042,-1.6789246,-16.290848,-1.677887
69.4025,87.361664,-142.55661,-131.8589
-9.310669,-113.795296,-115.51129,-115.16037
146.88373,60.550735,-155.52573,174.14828
-100.72909,99.06949,-151.15486,156.08942
45.85025,-81.32046,27.145584,-12.434525
-51.977936,88.320404,-104.63505,-172.09235
-1.6036224,88.57062,-101.1698,-113.263275
-106.16689,-162.98021,-83.61997,-131.45584
4.7268524,-20.95987,-145.98582,-176.70898
-159.01009,137.07465,-122.141846,153.39728
-21.359299,-12.72525,124.79825,94.32764
103.596436,-54.191956,141.89783,-62.27191
168.96082,-35.088974,-142.40611,-148.44153
-35.43936,29.978348,-90.2656,174.74579
-63.994537,172.71857,109.94141,-46.98648
50.297028,-103.06257,-124.3936,-112.708015
-29.018646,-168.0593,-29.026718,-168.06844
-83.461,-10.022797,-162.51364,-157.86914
35.425995,1.6912231,35.419144,1.68573
22.166061,-122.317085,-148.57101,171.44678
-23.950516,178.76556,-23.950989,178.76562
-8.2391815,132.99976,-125.896286,-131.60983
25.21016,-134.9794,115.14331,164.62656
57.896942,165.72778,-50.543182,-122.50432
160.09998,-59.520424,-158.80928,-38.207184
11.728088,-88.93495,11.725616,-88.93924
-11.251877,48.318604,166.32153,-124.82065
28.796967,-63.603775,-43.840546,-23.393631
-79.86911,-0.62454224,-79.88757,-0.6157532
-8.382172,-54.82567,116.875916,-132.44365
-27.785126,76.453186,-126.521904,-71.503365
-122.1563,16.229965,-120.57842,-118.508385
45.91548,-31.701233,-120.21784,-48.69989
-9.764557,-90.24602,-150.01692,-151.65312
-153.9602,171.06091,-92.63608,-143.49022
-27.461227,51.081665,-148.59714,120.28894
165.55075,-48.1333,-123.2317,-133.33487
-21.541046,163.5528,-94.833885,-151.47182
142.70679,-85.71403,142.64471,-85.77476
-70.82108,-101.788155,-77.12168,-61.14044
-94.14494,-53.182297,-140.70918,77.18964
-10.120102,86.476105,119.071106,175.07904
-165.68573,16.07251,145.5705,-50.742966
-3.567047,-141.66669,149.44257,123.76312
-0.41609192,-39.186005,146.34006,138.60355
175.12521,-47.35675,-120.09135,-102.16333
-127.73712,-161.51567,-112.28526,-135.89317
68.75812,2.3179932,68.76227,2.3124237
-176.02383,30.259506,-110.3905,120.05481
177.76837,132.91846,-116.93106,-144.59601
-25.702026,-165.01743,-123.88536,-141.46413
-110.73891,116.915955,-138.3552,-94.14333
-12.35553,125.13513,-118.134514,-120.70454
13.5425415,-91.08744,-174.93507,102.441925
101.84668,27.40889,101.83984,27.399689
143.1242,-1.3547821,143.13696,-1.3560333
175.26611,-159.73181,172.89905,-136.30325
-33.181793,-84.06861,-147.44452,150.93652
63.46277,-140.73021,63.456635,-140.72142
-21.32991,152.95944,-68.74246,12.011032
47.85269,74.900406,79.58255,151.45541
6.437042,-118.567276,-109.59368,-141.1093
14.735168,-17.814316,131.67508,-14.009247
14.214691,-59.70172,-83.018456,-82.71894
-94.15816,-113.380424,-169.1156,-175.68784
-15.096802,144.73206,-117.54725,149.91415
0.7920685,151.31042,-150.64766,154.4274
4.80571,-70.87092,4.8052216,-70.873116
-177.45952,140.18127,-177.45181,140.18378
150.97559,89.37537,59.2424,-19.537415
178.38922,10.680038,-58.776703,5.292328
16.615051,-90.538345,-140.09294,134.28223
100.67279,-84.266655,168.58047,-97.973755
-5.0661926,169.14645,-96.682014,12.636673
28.608383,165.92236,-145.69717,-111.764565
-27.586304,99.780396,-69.12108,6.545883
-40.78363,-151.40645,177.57932,-115.16989
4.549011,-110.22512,-159.73917,-121.22043
-16.951584,-128.2738,-10.919876,-47.444183
-48.566406,-106.28634,-102.10764,-130.38023
-134.93037,127.62366,-151.56479,135.71692
-1.6596375,-171.80156,-112.2952,-163.0602
93.05829,-109.97433,-16.45633,-114.86482
77.89285,125.64218,77.902405,125.650055
-161.50786,26.590042,-49.966553,-64.00793
-141.8768,-65.921585,-158.44852,-67.36557
14.101013,78.92578,-174.42033,-89.60832
-20.264328,-155.07692,-120.60018,-155.11946
-129.24005,51.969315,-127.93246,-122.32654
175.06686,174.27585,175.07556,174.28204
33.970093,-10.8811035,-86.398186,-117.26472
60.885086,117.175354,-130.22339,-107.35901
46.18805,-89.61064,-141.30379,-99.8483
-59.846405,175.43378,-145.95418,-120.91403
18.605637,-105.80353,-136.05983,-96.42414
-39.100815,-30.915573,147.488,155.8071
51.512817,127.800476,-172.9774,-114.16531
60.561905,115.47528,163.84244,172.28003
-128.85513,-62.44464,-150.90622,151.24887
128.5315,47.520264,118.41516,126.97586
11.735947,-154.89944,-115.35287,-150.45114
24.507309,-134.08571,-155.79836,-156.08841
49.200836,154.47662,-170.09341,-175.65236
-71.12689,-34.11151,-117.70379,-103.46325
58.64406,119.606476,158.17065,-120.062195
-36.56143,74.82269,-36.560852,74.82495
10.600128,-16.757706,10.598511,-16.755539
169.33691,-158.03035,169.31238,-158.03625
-101.60373,-37.133026,81.50903,-12.275085
27.68454,126.84613,-179.39128,-80.99326
38.866577,-125.19041,-142.41306,-110.06246
125.05817,55.577255,-159.77461,-109.87222
130.6889,-105.545876,-155.71162,-96.84062
163.37686,129.3919,-161.4269,-36.45787
-172.63039,-165.18787,-128.32178,-125.92098
-25.688293,164.51343,78.20706,-28.357224
-151.61234,-90.06053,-140.24449,-136.95416
-81.60484,66.21542,-18.113312,-9.909164
4.1877747,117.72894,-99.44125,-145.33835
-21.601105,-121.206825,-89.94069,-143.69225
-3.97435,-90.63902,-144.0389,-94.456
-161.34233,44.535522,-58.455658,-30.26033
-23.050354,-8.948608,-55.743584,-18.438644
-6.384262,-12.212677,-91.871,-73.05529
-3.484787,24.533401,-3.4849548,24.53508
-32.823944,-91.041306,-160.87491,-141.05128
-8.33699,-41.857758,-140.7115,-101.49754
22.509003,126.83325,173.28165,-98.38299
93.903564,72.73764,-94.76838,172.63098
135.60095,-70.26525,-62.736053,-32.273636
-11.411041,90.31357,-52.168335,-155.62656
-20.632385,12.869766,-20.634003,12.875168
-87.53383,77.9877,-87.54634,77.97272
-75.69754,135.78156,132.19092,131.81616
18.258194,112.808685,-129.84761,-138.71655
-18.925858,55.081528,-61.619118,-109.161674
-32.96701,75.753494,-179.6811,-105.95479
-3.0062866,150.56287,-47.459213,46.773544
-164.72266,-23.2845,-71.47025,-81.88231
13.04483,172.71173,111.73047,-91.10304
115.60272,-52.182083,-99.867744,-99.21642
-30.233109,82.584015,-61.934387,-80.97458
21.47734,119.04523,21.474243,119.036865
126.42139,9.766006,126.41968,9.769257
-8.732773,-169.75363,-108.039734,-5.6200714
8.941559,-125.332016,59.59276,-49.255707
-21.862457,-12.477402,-21.859772,-12.474518
-22.953003,-97.85006,168.24823,172.06146
-19.380768,0.99749756,-19.379745,0.996048
37.61496,78.05304,-174.58026,-151.2133
-3.601181,-33.286102,-176.08397,-145.9962
-15.440109,-4.537491,58.217392,-14.088303
80.57269,-34.662796,-150.24458,-173.3321
119.84503,24.783752,-122.75241,-125.132805
-2.8832397,146.72485,-2.9107056,146.69122
9.11142,43.87915,168.65433,-176.70578
-7.11763,-59.624496,-108.73303,-135.7447
-20.935898,-92.14033,-170.13463,165.90894
177.64267,-176.30634,169.78146,-177.66084
-24.53778,155.48822,-164.50497,167.70923
146.09406,-58.242012,-141.98494,-95.22934
-41.76297,-10.352051,-41.76306,-10.357132
-41.948853,-40.147278,-41.96251,-40.159912
-14.29007,-126.62968,-14.293625,-126.626015
-3.6968842,-76.891,-3.6966553,-76.892586
-62.624893,41.97278,-62.631508,41.968613
87.417114,20.693848,87.42209,20.699127
-104.26382,171.58188,-127.99096,-120.81439
-120.21798,128.99219,-136.3433,160.46082
-17.775238,-8.47905,-84.75184,72.74257
-13.715454,157.56833,-123.58358,138.58829
137.53134,-129.2977,130.29922,-55.6709
44.11075,85.81299,-38.146347,61.116516
8.485535,110.05945,-111.56703,-103.05287
-18.209274,139.49304,-47.671173,-153.95547
28.044922,-138.87831,-66.76049,-54.122505
-12.544128,-50.938446,-140.82785,-117.15036
34.046906,-117.275246,-110.94699,6.248932
-19.430115,86.085785,164.07407,121.366425
-42.641785,48.181534,-94.857445,39.85565
2.580719,31.54242,-85.27606,-64.341446
-35.565002,-40.132904,-35.56526,-40.13086
-45.725708,-31.443237,-45.72975,-31.439346
-7.4627533,-164.66014,-115.827774,-149.96791
-23.093506,34.44014,-111.050224,-80.24515
26.619888,66.66211,172.52545,179.71796
-7.0293274,-90.29862,-139.61522,-127.05832
147.06866,-57.125122,128.1969,142.1253
6.653351,104.58081,142.6495,-48.505157
39.249084,143.63507,179.159,-168.99991
-60.46605,98.80255,-60.45273,98.80673
-17.826889,113.29843,-115.83517,-131.7811
-47.393112,5.1321106,-118.30718,-117.3083
-13.505356,100.80478,-95.39909,-137.83562
18.695099,175.49054,-161.37723,31.025589
-23.538727,-147.35121,-145.13194,162.7063
21.593658,138.6199,177.5853,-124.32981
-41.22493,161.91516,-41.225906,161.91867
17.664383,-117.62115,-170.30817,-179.54034
-121.02694,97.10446,170.02765,-124.51638
-109.13159,88.75037,-173.65436,-119.128654
-98.73833,-60.920395,-154.85269,147.56662
171.34998,22.278671,171.33759,22.281921
-34.05017,171.36633,-74.23125,-134.58115
118.371796,9.102737,-147.00578,-128.23953
-83.791374,-28.310669,-148.66986,-137.14618
-144.76015,-66.60871,-100.87635,-137.70142
-13.374649,16.162476,-59.457077,10.414459
21.153381,-111.19842,-93.623116,-92.805084
-4.9934998,-93.32312,-133.98648,-88.27667
155.54367,-95.371284,173.00793,-68.283745
-6.779251,158.17786,-105.84852,-132.57054
-96.60855,133.34512,-164.42899,165.43304
19.454666,158.97421,19.4693,159.01233
6.912155,158.95905,-133.57156,-128.0922
-25.811798,69.77939,-42.785156,41.985397
26.852402,-104.03844,-161.14868,-59.67897
-124.326965,-38.17044,-73.03877,-122.12613
177.18054,175.42596,90.63202,-22.692047
-16.486801,-35.276154,-81.3826,-118.317406
-72.904366,-117.99236,-151.64024,-161.5852
-96.507256,-46.69998,-96.506874,-46.69902
2.3969116,39.32167,59.69951,-36.967743
2.15831,125.64868,-112.72374,-94.59049
-124.015305,-32.23317,-124.02241,-32.239685
-179.94354,-136.8407,-142.70068,-109.28216
0.7973938,96.426575,-58.036034,-92.65466
18.199783,-49.289948,-53.83017,-32.762558
-151.39935,-2.8347015,-151.40202,-2.8358154
-40.475616,77.19342,-40.473755,77.19125
95.466095,66.694016,-178.19739,-132.72124
135.6817,23.139343,135.67285,23.13739
-51.78058,-114.78411,-173.6974,170.97165
-49.25122,-31.876312,-56.7984,-151.95413
51.115295,149.06519,-120.681244,-128.19205
3.2486572,-81.30401,-15.812744,-1.7095184
-141.25557,163.58481,-2.8170013,147.82104
3.1405945,-18.355927,135.84525,-29.41687
27.729324,14.906509,-124.90487,105.11807
31.673538,-146.51219,-39.75656,-101.22924
-0.7524872,-135.51825,-132.84073,-60.495956
-11.756592,-71.83395,-58.7518,-67.508026
16.885773,-40.00493,-147.05263,-103.39208
64.420105,-151.82272,1.90979,-27.717957
34.448273,-5.880081,34.4469,-5.8806305
7.325836,-87.26642,-57.864258,-140.36697
-24.099579,-162.27652,-118.60452,-114.33821
55.52208,-39.95204,-152.71695,166.38403
-174.52744,-75.030914,-50.721527,-70.24419
66.5421,104.279724,129.07666,169.53638
-23.349014,151.79791,-115.854675,-107.28151
15.409988,-114.362885,35.629517,-20.47255
119.19232,-102.830315,-128.76967,-138.45085
19.470139,-104.53031,-165.77586,-95.00618
13.830917,90.512115,-114.77413,-148.0215
21.729843,-127.996155,-145.646,-137.46968
24.711456,24.689957,-13.7659,2.2637024
-12.506409,-47.009384,-96.62288,-117.18082
0.37330627,136.66791,0.37426758,136.67017
-46.71669,28.472,-86.82616,144.55273
8.106369,-96.783195,-146.60431,-88.516464
67.94864,-85.2844,-117.69169,-130.75752
22.715836,-164.91823,-43.17772,77.234344
-129.51756,-179.71007,-74.739746,-154.51157
-135.8902,-117.72163,175.194,-104.926765
-122.29769,-158.4644,-59.010498,-90.76184
128.79019,127.217224,-144.51953,-132.04947
77.79263,54.236053,-135.95734,-65.71819
-88.552666,-45.61737,-101.81003,-153.02028
62.53093,-178.0343,38.037872,154.4187
-7.768448,-16.583038,142.4613,-102.04165
1.0970612,146.88388,-178.88112,-171.58844
80.35132,55.25818,-95.57317,-86.28271
26.545746,-99.41114,-117.97571,-138.42908
48.729706,146.46066,-155.06036,-138.56451
120.35898,-82.80092,-136.39807,-94.75803
10.791687,-128.97556,-115.486404,-96.90829
9.315247,-137.87901,-138.62389,-91.94793
29.94313,-87.32312,-171.8097,128.93964
-131.42928,78.138794,125.52826,157.05957
-1.5909424,179.75757,-142.84258,-161.28358
-43.44101,-67.98224,-158.56996,73.08267
50.506805,-148.5707,-132.97502,-123.72398
-60.482506,67.59918,-60.461655,67.61931
39.90692,-135.79327,-69.98284,-152.70544
-41.084885,-146.30365,-122.00229,-73.34467
-77.62417,36.7406,16.189758,37.612213
178.78009,-171.42574,-130.2211,-133.73683
26.688644,-164.41708,-132.56245,-119.206085
-4.9317474,107.808655,-149.41298,-83.18804
168.93921,-168.28526,168.91751,-168.28795
-116.412415,44.217728,-165.64343,-79.811646
-5.3761444,9.915695,-94.38473,-41.118927
132.00449,-10.207092,-90.155106,175.6012
-38.722656,81.47058,163.22137,151.3204
65.494125,91.17114,-168.84413,-94.93559
10.024994,149.48242,-56.172577,3.273468
-29.510925,58.47615,79.90671,-112.15674
-110.236885,-89.0154,-173.09534,151.92816
-7.5529785,128.92319,-156.06866,-165.92398
-155.12514,-36.625366,-67.25916,15.819824
32.621185,-67.80978,-3.116043,-13.235275
-27.295364,-29.563004,-140.05536,-171.50214
30.169281,93.98175,-29.733109,1.2142181
-16.7471,148.2937,153.9148,-17.643814
93.13922,138.16693,-164.64626,-140.8649
-56.159897,40.554108,-127.61957,-114.44704
55.46083,-104.37464,-72.0534,-68.221054
-10.5416565,97.35898,-80.35979,-12.141022
148.3692,-127.45312,-161.35316,-119.29102
-83.71272,62.916138,-116.20224,-128.16805
-54.95044,147.80048,-16.110138,64.34595
-29.084595,-147.98756,-29.078827,-147.99948
-149.75705,-118.154724,-149.7567,-118.154396
175.56516,-63.439636,-169.38084,-162.73622
-163.99452,104.16733,171.80737,-120.29647
133.71606,27.35028,-104.3774,-128.3039
-3.9650116,168.28577,-90.397285,30.762527
-22.370712,89.02844,-73.387054,2.954132
75.684845,111.78003,113.1662,113.92572
22.877243,-55.896973,22.877975,-55.9002
45.83078,6.722397,45.817093,6.7294006
-19.694641,7.929245,-56.83818,-10.478561
-177.3176,167.12704,170.67438,-179.53108
54.219467,38.907806,-59.815994,22.302917
-11.999832,-141.07887,-56.6867,49.554443
-58.901855,-96.79301,-101.56646,-118.56657
-33.235153,143.22595,-120.66197,-149.81407
79.5863,-100.833115,137.81274,-147.56396
0.6533356,56.59227,-140.40186,-138.3632
6.7304688,-66.326645,176.43677,-110.89748
9.747757,72.165695,-54.891006,97.999176
-14.210907,84.054565,-178.786,-116.88694
91.26959,122.64148,91.27716,122.64935
-131.53261,-38.424774,156.11716,-169.39386
172.86212,117.65073,172.85751,117.64865
-28.848938,-109.52553,-141.70685,-93.19962
11.048462,-80.61019,-142.56131,-121.98365
101.89282,20.019684,101.90723,20.01706
175.89282,14.571716,175.91003,14.592636
56.792908,155.79822,-153.7441,-142.55139
-34.690582,-145.53076,-134.45097,-79.72313
1.042511,36.585693,-124.582405,-108.274704
-19.552017,-150.68307,-133.31248,150.42804
-2.0398102,3.6946259,-2.0290527,3.69664
-36.984222,-89.22338,-116.18059,-90.69323
40.693054,35.70079,-1.4777832,-10.382309
-41.12755,103.62335,-74.93338,31.819336
-109.82699,-80.55461,161.34766,-28.038269
-157.09695,-80.72843,-139.5565,-158.03801
3.787857,169.38046,-131.87917,-104.656456
-20.10431,67.695206,-29.104446,154.69046
31.588776,-14.211639,31.58908,-14.209976
123.54025,126.53204,-98.87019,-130.6534
-4.237381,94.06604,118.65036,151.05426
-163.33275,-8.037643,-163.33302,-8.037445
13.138855,-174.07253,13.137268,-174.0694
119.52594,87.2565,120.17984,153.84521
-4.398178,101.91812,-80.530495,34.154068
-10.074295,-119.8096,-55.08365,-89.236
37.079712,-58.621002,90.93207,-39.04889
34.68773,-159.01321,-59.392952,-52.465996
42.33995,109.902985,82.775024,132.69904
64.16217,2.703476,64.161804,2.7051697
65.81366,-29.20607,-96.31518,-70.06065
177.42395,-107.445786,177.4259,-107.445145
119.392395,74.94293,-73.365715,-0.5568695
-22.487885,76.54529,-38.206314,54.36331
-38.184692,105.53122,172.47485,-89.51256
4.670578,-148.88692,-91.7454,-145.53156
-16.13919,-84.21954,-119.96458,-107.79615
-14.740952,-178.29091,-133.31972,-133.06865
119.526276,-99.61657,-149.36185,-82.1566
163.87225,-160.42937,-130.93546,173.35986
2.3753357,-179.29329,-174.91382,-94.154976
176.63855,-89.603325,-55.84897,-5.5370026
177.52423,-137.1855,-132.72505,-111.139145
-14.709824,-172.75533,-22.098755,177.08322
-16.982513,102.15469,-122.80206,-119.52856
21.5065,55.07982,-104.84626,-88.35382
-145.067,-90.8023,-95.58328,-146.4985
135.60706,-53.40986,-143.46255,-125.52656
-11.25885,39.663803,179.02448,-75.19083
-24.661667,170.31616,-135.24753,177.26752
6.5450287,-68.27513,-64.020195,16.759506
-42.45746,-8.649872,178.77164,-134.96657
77.740265,158.72388,77.738464,158.71875
8.864578,19.984344,8.856796,19.992508
22.804825,-102.66952,-74.79272,-123.14523
-106.05873,145.2572,-161.03342,-164.64275
-14.6757965,93.689514,-117.72459,-161.61317
-29.076584,-123.80125,-50.813538,-77.602844
-30.220291,1.0744781,-97.5177,-57.384186
-151.3222,-66.170654,-142.51076,-143.68423
-13.123505,-18.638168,-167.02567,-163.8547
-169.96407,-15.375732,-139.0443,-117.018005
-120.957886,-151.07289,-126.00006,-128.26207
-26.696075,35.868317,-21.03212,17.02597
75.5462,-149.49269,-74.723,10.016785
26.795212,107.38342,-63.05362,13.973297
4.1827087,153.73718,-158.90286,-130.95609
25.32129,87.800995,102.95654,113.857056
51.161957,83.197815,-130.66876,-144.56197
21.44168,-45.695023,-150.39609,162.65845
16.0018,47.87671,16.891953,71.54495
0.78092957,-148.29465,176.16168,-108.746185
-162.28099,-100.20681,-162.26323,-100.208405
10.99118,3.0069122,10.991241,3.0043945
-30.390106,-98.15976,-132.66069,-113.70279
-8.605179,-60.525208,-125.374054,9.012451
5.111603,15.188293,145.331,151.88339
-145.46236,-38.887848,167.54993,-128.66563
-70.864624,-36.75174,-136.05455,-85.972275
-25.05983,-178.22867,-25.091354,-178.19945
27.191116,-151.08046,-137.10953,-132.26381
-120.59006,20.52562,-117.98474,-81.693886
-119.1852,30.238129,178.10345,-100.33252
-22.099518,156.2525,-22.09732,156.25363
-155.1134,109.28827,-169.5309,173.38605
-27.097366,-104.317856,-158.94542,-160.85556
-12.6796875,69.05701,-12.67981,69.05882
-166.8545,167.19421,-73.35636,-14.405472
7.9375153,-58.78618,-137.25656,-129.89626
11.178375,-34.639923,-147.18553,-87.87215
98.234985,-73.1252,-38.658234,-33.49939
-91.08838,14.445206,-91.079735,14.44606
-8.967117,-127.899025,156.66449,118.11841
-30.0047,22.522812,-30.004807,22.526215
-16.019058,-18.294601,-124.94159,-86.52174
-24.458054,74.667206,-93.155075,-164.40173
-22.322968,-49.57498,-156.47711,-133.427
-23.349808,33.31015,-122.20189,-139.07037
105.24606,105.36334,-124.40221,-98.33932
14.692856,60.81662,-94.94147,-133.64577
-117.29243,-21.583267,-113.12961,3.8168182
-175.66316,-61.70729,-160.22212,-129.85712
-158.60295,52.299973,-15.905136,-144.30244
167.33002,-1.9057922,167.33118,-1.9054108
-34.887283,-135.8251,-130.05548,-129.68196
7.994873,-152.21759,18.52098,-118.02425
30.178558,-158.53296,-125.98793,-117.46382
-41.37549,87.56061,-72.531815,19.266678
-24.553299,138.93994,-94.27137,9.954437
-49.414368,-148.87555,-171.91666,-140.64992
128.2062,15.738495,161.12045,99.175964
-141.70743,-31.232574,-141.67894,-31.23111
-82.639854,-151.26378,173.46875,145.50458
70.9025,79.15625,-171.13794,-97.90983
-122.34652,56.966278,-134.8247,8.676666
-21.80365,-124.09863,-170.24269,163.18744
39.727753,-125.15764,-91.556984,5.624893
-18.048248,1.7775726,21.632843,-53.831375
-25.905518,28.455765,-35.336563,66.24205
-30.23346,172.01508,-30.225357,172.00769
51.886734,-76.09606,-98.47588,-169.75806
87.734436,123.8512,87.724335,123.86502
7.112259,34.83516,-145.90611,-119.005104
17.966309,-84.45938,17.654373,-27.771942
-133.63145,-98.891426,-128.0963,-133.32693
22.54889,-56.89029,-143.51859,-135.59969
-154.94673,-67.453705,-154.9479,-67.4515
-9.956818,121.76666,-30.921478,-14.39743
-16.01892,-154.6661,-173.67519,-124.630905
-25.821732,-170.96082,166.26584,-153.93889
117.31897,20.551056,117.254456,20.509552
177.6731,2.0282288,177.66986,2.0277557
-67.66409,-7.409317,-67.6643,-7.407959
-152.55637,29.499329,-116.299324,-111.09826
171.31647,163.88385,77.98401,108.51288
8.590439,68.91162,133.07333,163.59027
-71.154526,-92.26795,142.5296,62.00589
15.576691,178.64777,-166.20052,-104.45362
-33.12033,-6.0715485,-127.560936,-142.28458
-12.81871,-170.17024,-73.94752,-151.86174
178.22934,10.776062,178.23114,10.776672
-78.4099,-58.407593,-81.03431,-159.14046
-1.458786,-32.343567,-62.554764,-67.2111
-42.59021,145.88489,-116.8641,-133.85849
5.4279785,-29.517334,-167.59808,-90.52995
-49.339417,-156.99257,-49.337463,-156.98973
2.9318085,-161.41843,58.258057,-36.24707
157.55322,-61.389473,-79.03756,-35.411835
-86.183586,-69.55202,-86.19368,-69.56691
-82.06401,-94.18768,-99.4677,-166.05164
6.8554688,-53.81414,-115.999084,-53.613068
-100.489876,-28.025803,-41.08026,-121.90326
-69.7024,-38.648163,-69.68741,-38.632233
-8.734604,35.74945,-84.94032,28.374115
-3.305664,-146.08311,-156.32022,-177.8158
-140.01096,164.92407,-129.92232,-127.439224
-1.1037598,-146.7483,-129.72331,-147.87779
176.71198,-166.14766,176.71167,-166.1381
63.18695,-115.75726,168.41428,165.8498
-28.581299,60.344055,-142.26582,-130.68411
14.924469,-143.56316,-124.88051,-122.110565
-1.9596558,-14.449493,-1.9602356,-14.447784
1.6771088,83.98932,-53.47531,8.595535
-64.61497,162.38495,-140.76933,-126.25788
9.779297,-159.0659,-170.36697,-178.56572
-1.3895416,116.664,118.198975,-67.18678
19.915466,-102.767296,118.730835,141.71469
-46.875336,94.62274,-156.10802,167.6735
22.936356,49.486572,-31.56363,-1.0427399
-17.685364,179.1969,-102.24869,176.34882
0.0034179688,3.4206848,-124.08451,-93.266426
56.47986,-124.75085,-131.38225,-113.17726
-162.86537,-75.59196,-127.13244,-140.86673
-20.268845,13.300751,-149.47945,125.8858
163.77023,-121.86503,-132.50903,-114.883766
22.84729,-6.3471375,160.79993,-131.59433
-2.1711426,-55.973495,-106.43762,-137.3922
-17.827988,-164.9425,-115.13906,-124.374504
4.5738983,-172.18497,-66.84467,-173.8995
148.95093,3.9774628,-52.270508,-40.671265
25.228561,27.085495,-61.4505,47.66832
-115.12341,-147.43254,-114.4887,-124.66012
20.416626,-20.481613,-32.470978,0.17402649
10.167145,175.56711,-93.0806,-107.47949
150.36423,51.966934,-65.80084,17.89331
-1.5551453,-120.81766,-1.5565033,-120.81864
-132.77975,-176.56422,-98.574524,-173.89426
18.625473,-76.85523,-107.03701,154.25351
48.80742,-117.00611,48.8067,-117.00873
-23.00496,-55.194763,-167.93095,161.16574
57.21414,-17.751831,-129.5005,-67.816734
-168.87042,80.42883,-114.76584,-143.62666
-176.98822,54.714706,-176.9882,54.713013
-111.620255,-134.89851,-162.89183,-116.15103
-6.37294,-90.43174,130.97095,152.41931
16.637894,121.8461,-45.650223,-116.95795
88.69162,53.097946,63.128662,-172.3907
-42.361572,39.370926,-89.460655,17.554443
-16.990906,-5.2733765,-108.8722,-125.626114
-45.935318,-41.018494,147.50623,135.7749
26.56578,-116.762085,158.95847,151.21417
38.010452,-32.937897,-126.96962,-127.35212
20.448502,158.25763,126.83978,143.52252
-18.96318,-8.7829895,-54.403503,6.3443146
9.383377,126.43518,-124.80187,-107.83788
9.82486,75.2601,-102.53297,-139.0222
17.707657,-66.81949,-125.4366,-153.59312
-50.82538,-127.8145,-161.81256,-175.02075
-18.50882,-179.04099,-112.98373,-178.46434
-17.91809,110.8313,-121.13983,-84.662575
-60.44066,42.24524,-67.91991,-64.032036
101.60016,37.014725,101.59946,37.015594
13.247131,-5.0811615,-43.86885,20.204117
140.13293,148.37503,-174.0415,-82.50296
159.15622,99.44742,-139.59698,-101.20913
33.748993,167.12888,150.00238,174.37445
40.0448,-117.82765,-94.94413,-132.8422
131.12738,-35.177155,94.93698,68.38632
-22.350235,-3.5588074,-96.801865,-124.22783
-8.93013,45.86995,-160.83012,158.39417
23.845642,124.25061,-0.51615906,75.493744
-28.58043,152.73157,-61.245132,-137.69423
62.30655,-28.811615,-62.75978,-25.58516
0.41578674,84.14157,-119.65937,-136.94234
138.33563,39.309082,164.07074,-166.95709
11.36203,172.44745,-144.80531,-166.84981
25.897598,-96.39061,-169.48299,-117.34317
62.225586,-76.79172,-157.078,-121.510994
-21.417648,-15.842468,-21.420242,-15.833176
151.61624,-164.70114,151.61768,-164.70003
-8.602631,82.556335,-132.56561,-123.8593
-1.5848236,-29.808105,-172.82857,-82.112114
0.6371002,-163.17813,-33.16342,-19.330261
4.9313354,-0.90859985,-127.215485,-41.30464
-76.069824,-176.74847,-76.07094,-176.75114
-44.28543,67.07114,135.9188,108.73355
-5.913559,143.04077,-136.09859,149.93668
37.397766,69.453735,-123.28757,-73.042366
-7.212097,148.61966,-127.42057,-99.94317
26.070557,142.4657,-179.07443,-163.08241
111.45154,111.35208,-62.610764,-21.974518
37.369507,-24.984772,-44.81862,-85.09694
-93.747795,23.486969,-162.86537,3.3192444
2.5532684,-41.279953,2.5542755,-41.282257
-98.17526,-95.52444,-60.763985,-86.318726
-168.09796,-30.981888,-149.88591,-98.47057
19.772217,-159.0559,-155.49498,-105.440475
25.102203,-171.06032,-107.73791,-113.32437
165.34637,43.070953,-48.124847,-147.04475
179.29846,-177.31972,169.41971,-175.80612
38.70276,-54.37126,-170.79967,-111.82199
-98.0531,98.258484,-98.05048,98.25488
-27.09166,-118.564514,-157.28905,177.86142
20.787918,-46.11943,-142.7166,-71.65291
-6.9058685,37.35695,-107.11252,81.6174
-43.849792,53.42856,-55.024094,-86.719284
179.28506,35.49649,179.29382,35.500366
12.859741,-29.051376,-131.99382,-58.37329
-24.164032,51.087402,-24.1642,51.086212
10.220428,-10.074326,-60.509018,-107.22971
56.23654,4.1672974,56.238068,4.1718445
-9.643036,48.95662,-9.633469,48.959656
96.95749,-143.03127,-9.701782,-97.086105
3.1085205,107.52774,-170.76724,-100.40715
-61.40361,-25.954956,-119.22375,-145.02092
-66.25465,169.57568,61.893112,-34.908722
-79.27826,164.04443,147.23834,-154.16214
-38.06421,143.10156,-176.89238,149.86572
10.351959,1.7155457,176.1124,12.285828
-13.203751,-124.91651,-98.413216,-121.94086
-140.00618,10.088593,-140.01834,10.088837
-9.822418,51.141647,-59.706207,44.034576
-43.983444,62.372772,-56.944855,175.2868
25.62883,-174.27786,-170.24612,-95.03522
17.325302,-0.84010315,17.330795,-0.8361206
18.35588,29.871872,-67.33987,-59.121887
-26.95137,-47.369858,-26.93663,-47.350586
-10.727432,52.006836,-148.20381,-108.75247
-18.87918,111.11841,-175.01013,123.50238
5.679352,-100.79208,-154.61577,167.54791
133.78482,99.7005,-109.432884,-169.0009
161.4881,-171.45486,159.63187,-167.9216
21.198196,90.176636,-8.878815,-35.488373
1.530899,-67.87915,-84.78051,-108.672455
-24.401535,-120.27815,-43.00081,-40.676468
-6.365631,-123.48479,-142.55534,-135.84436
-54.207794,116.84274,-49.289642,44.213623
-52.319855,15.812408,-64.661995,-3.167282
-41.763412,115.88284,-163.66206,124.803345
-149.92589,61.616486,-172.01099,-97.47677
9.251648,-6.8294983,-164.73795,-80.69845
-32.50241,58.994522,-39.655746,171.51245
-87.49363,127.43753,-81.23442,56.89189
12.39975,3.0841522,12.395889,3.0883484
-37.935806,-152.91725,-148.79826,-133.69688
-10.5372925,63.079132,-111.55381,22.255554
0.73457336,99.680664,-19.95044,-48.637833
27.689194,27.19905,-55.64824,52.290558
10.885345,124.472565,50.231308,-66.03359
5.8000183,0.7682648,5.799011,0.7706909
-173.25526,7.697418,-173.25641,7.6965027
9.633438,-13.219086,-174.44771,122.54303
-69.344765,-55.550705,-69.34595,-55.55661
30.83783,144.90295,160.10947,-90.087814
-24.393127,-118.259605,-56.378365,-139.10777
8.223221,56.97516,8.213058,56.99344
20.737793,-4.149109,20.75447,-4.1582184
-119.34074,-93.710365,-92.64227,4.878891
-11.060287,-128.81445,52.06555,-125.16935
-18.802887,-111.618034,-124.31829,-130.50334
-108.00473,-57.67157,-133.25606,-170.78104
101.235016,18.387512,101.239746,18.379318
-121.27757,108.95465,-159.0458,120.91446
-168.87819,-160.04755,-78.181175,13.877701
-4.887909,-44.842026,-176.76147,85.87045
-31.456345,-69.620384,-31.450165,-69.624
-9.935623,-44.367065,157.71063,87.462524
28.56218,-25.20279,-66.86737,-123.84133
-116.83538,-1.5557251,-116.82405,-1.552475
13.761215,-0.17660522,13.754013,-0.18504333
8.572662,76.572845,-87.98253,-125.71005
12.603043,-18.906738,-122.64813,-113.66713
12.24588,-141.25937,167.6366,-178.97386
-43.619263,74.62143,92.879944,66.07715
74.20381,-23.992065,116.990875,-39.498917
-161.54276,4.121689,-0.7454529,-1.6432648
-20.828964,-59.70629,-110.99085,-123.21872
116.51932,-13.807434,-142.45706,-89.13058
-35.222168,13.950378,-104.79553,-94.908745
26.871124,-93.85537,-110.42052,-115.91742
72.857285,-174.32956,-33.486694,8.469055
-69.624,-0.6706085,-69.630516,-0.6738739
6.9058685,-12.841217,-95.33976,-141.76282
0.20999146,36.856506,-65.6139,-82.839066
31.78566,104.53778,-175.4583,-131.61986
-18.933777,-157.6142,-122.46668,-137.02773
101.97937,94.50217,-112.02385,-76.607216
-17.488205,34.417206,89.72699,126.38336
172.9483,138.56085,166.20679,-135.60228
-16.763458,-34.28293,-65.57209,7.4296875
49.058594,-48.36441,-90.989006,-89.00935
-135.2451,51.166016,-135.22844,51.18518
9.48027,-115.306404,-48.175995,-16.40155
11.515579,9.047073,-88.71659,-82.08576
-36.314316,113.20233,169.2113,170.77243
-89.987656,129.39624,-131.43716,-138.88916
-138.24095,72.31027,119.93231,-164.805
-16.538773,6.925476,-16.531418,6.9206085
37.60588,-143.88896,-64.21028,-31.503876
-8.466171,55.054962,-8.466614,55.05664
14.729645,152.6123,14.727676,152.62207
-6.2760925,147.10669,-87.29343,12.748993
-21.942825,-3.5863037,-21.943314,-3.5870209
10.248627,-48.061127,-5.904129,-6.1349335
131.6175,164.79779,156.81705,-153.3347
27.754547,-106.35009,138.56805,165.31384
45.129944,-8.826233,45.123398,-8.819382
107.00864,-138.00032,153.52484,104.61075
130.17621,-102.51961,-137.73083,177.66235
-39.326935,40.56964,-32.460434,1.4462738
50.65468,-35.849884,171.73938,-71.88918
-120.959335,119.25223,-176.06062,-143.6288
0.16355896,103.13367,115.09711,-31.494766
34.84291,-130.21661,-73.7343,-43.2101
-166.00084,-73.081856,-166.00044,-73.08157
-29.385849,-19.83313,-29.388474,-19.820404
19.151474,-58.928726,-157.48639,-141.71823
125.324646,-80.188034,-166.80948,-107.15152
-42.83539,-57.379524,149.88373,162.00073
-11.741867,109.07333,-145.28516,119.49826
-0.93400574,-178.6359,-177.6676,176.81808
30.205322,19.77658,-167.55237,-157.31087
-143.42923,61.399323,-128.96738,-151.70703
-135.10019,-52.91165,-109.439766,-33.377686
-4.2967377,88.13739,-170.8299,-65.11117
-64.65437,-100.62143,-168.59332,172.28644
-1.1138611,-11.065445,63.935883,-121.62424
-102.839134,-34.83603,-137.3561,-102.3054
-159.4647,105.73633,-91.42309,13.426926
6.9147186,44.75183,105.905945,165.84232
-26.341812,-157.95744,-158.2454,-164.84384
11.254456,-95.96556,134.60416,-158.4662
-123.037445,85.79111,6.41243,-28.29721
64.95595,8.336243,64.96814,8.335297
54.101257,-46.22693,54.09958,-46.227097
139.53482,54.901917,-132.84604,-164.86931
10.599731,140.23914,-122.226944,-83.9635
45.44789,-66.83589,-143.2678,-117.98031
-1.9778137,38.763428,31.834564,-24.593094
93.61627,-91.11423,85.13669,-29.991089
-172.50905,113.60687,-147.40686,-148.3677
48.001816,-80.53229,-163.1728,165.63171
5.786209,149.81775,-135.2518,-154.45389
-0.78271484,-3.3976746,66.33847,11.86908
21.571579,-71.45467,-79.23807,-92.37605
126.26688,33.1416,126.26715,33.141724
37.16646,96.10516,-23.741455,-34.13147
117.81381,-42.403915,-80.4664,-17.455688
-121.68697,-20.181381,-121.68535,-20.181961
-23.242218,138.56195,112.96182,104.07428
96.58716,-112.26916,-118.71304,-109.61722
13.296036,-170.83899,-158.42245,-79.131165
12.184143,123.11157,-108.78382,168.08545
89.61096,98.25641,175.75043,-168.79099
-33.30414,-103.59034,-84.64212,20.543793
-33.60446,-103.30862,174.82092,163.68695
41.38739,-93.245026,173.65442,-129.38875
-2.6304016,-33.03366,114.996765,-53.656487
-81.143394,176.01477,126.76608,135.40558
-11.987335,102.99304,-58.081573,-168.52434
-121.40265,-58.81491,-143.52187,-145.65968
3.1279907,159.25922,-118.41239,-118.11205
151.82986,17.989853,151.81885,17.9953
-5.1966553,176.21143,-58.50653,-102.179436
-2.9502563,-163.45552,176.3739,-109.49976
9.685501,4.028183,9.685242,4.028778
4.5844116,107.57733,151.03705,-169.56265
-31.394455,148.4234,-31.392944,148.42474
9.84613,145.50427,-101.27047,-123.52525
-137.75693,174.182,-81.87102,-125.179695
-5.335724,79.85596,-62.971077,7.8878326
7.632477,-34.415924,-21.79538,1.4310913
-162.50208,-16.76297,-115.53103,-13.03595
-46.701202,-58.882095,-74.477165,2.1102142
10.66922,0.7372589,-110.10036,-133.22191
-128.8802,-156.98001,-128.88254,-156.97734
-30.512024,20.074112,-101.60336,132.20654
-134.26122,149.44543,-134.256,149.44406
-11.910934,155.3659,-165.3874,-149.73157
-116.6069,33.40396,-116.60802,33.401215
37.570404,9.465454,37.56842,9.471039
176.54434,-14.856369,-147.12418,-129.16649
68.14108,10.733185,68.14691,10.739609
43.140625,176.02936,158.69543,167.80515
-89.190285,-173.41597,-118.96149,-104.27489
10.574142,-8.331467,-68.116585,-55.699036
30.683228,-139.72032,81.82254,-35.12326
51.133804,28.478668,51.134155,28.477386
126.647095,172.13245,126.606476,172.0951
-18.44522,-87.6473,-131.71684,-120.868034
49.95578,41.44281,81.61392,38.49951
-119.428345,157.43738,-110.86881,-137.15645
27.466232,175.707,-161.39111,-148.10179
-5.316574,-46.47519,-5.316681,-46.472855
-28.799149,163.03564,167.10553,108.12442
-10.772232,7.7598114,-98.80064,-111.86662
-160.0666,-49.85634,-165.278,-165.70424
-14.2161255,98.02078,-82.732735,58.456833
-26.419281,-25.292435,-130.53336,-78.85551
-101.12891,85.29828,23.456512,20.568146
-130.6477,-72.095665,-84.80881,-119.44178
12.90239,-78.11806,-156.38063,-46.794235
-34.17633,102.59924,-8.358475,-10.336639
31.524628,-24.326645,143.87946,8.229248
-2.7884064,-3.0543976,-2.7902374,-3.0490723
19.516312,58.971207,19.516098,58.96898
-35.542664,-23.290863,-112.746284,-155.7593
-75.09233,57.837143,-102.26307,-152.83879
25.581024,-24.285034,25.583023,-24.288925
-178.34177,-62.68747,-128.8097,-132.40347
-35.230316,137.8945,-164.26465,-155.17224
-41.191437,-21.967041,-41.196808,-21.95996
2.024643,-35.810608,-157.27002,-117.7996
10.705292,33.856277,-41.411972,-5.7026825
5.8986664,161.1554,-96.42463,-115.05176
-12.3116455,-125.85642,-157.8581,-177.38791
11.787308,-142.3806,-141.81706,129.75543
-40.71106,42.978653,-60.33394,-124.83316
-126.27227,-134.08566,-168.14476,-161.27205
-13.615585,-160.0152,-168.25436,48.169968
-22.644547,-164.94342,1.9431763,8.443466
-44.23587,113.94278,-36.467377,33.8806
-32.021484,43.364304,-56.075836,-101.76705
-74.69685,51.55536,0.13078308,112.084595
-32.511566,107.57037,-128.83405,-153.06544
-29.455322,146.86993,-132.12595,-167.69725
131.7464,62.900543,133.13513,171.17786
-174.26636,-172.5639,-153.6206,-94.22344
-32.383835,114.76605,-170.47052,156.68774
7.8200684,-30.233582,17.0065,-73.56715
154.12909,1.4157257,154.13293,1.4220123
-56.21579,31.003784,-56.223846,30.994293
-140.85388,-171.89159,-103.19409,30.755417
-12.517166,-163.48766,-57.332123,-26.630112
-61.52922,-126.20159,-131.64339,166.88135
-59.182846,-76.607666,-73.327965,6.0229797
9.46228,-111.38542,-70.381424,-121.901344
8.177353,65.35733,-22.875122,31.392563
-34.885376,-133.9885,-173.52068,169.53992
23.64209,-76.36592,177.7002,-119.626305
101.94385,-52.59221,-79.153595,-107.26037
115.40503,14.121338,115.47574,14.1245575
83.66156,-114.39293,119.72458,-29.466965
75.16142,170.17242,-176.00864,-91.93048
9.901474,-68.0321,-72.07529,-120.66493
-167.76646,-105.35123,-167.76598,-105.348236
97.960144,12.577438,-135.69943,-147.43353
-137.27525,-155.29129,-122.03821,-144.84325
-46.98761,-10.266052,143.16571,131.8642
-42.832764,-68.35336,170.30765,162.59729
-10.728989,69.922806,-151.61209,-145.22815
8.399292,127.578125,-104.09583,38.384613
101.27948,82.37799,128.33698,157.9685
-10.084869,-13.815521,-10.085037,-13.815186
-77.81656,-158.91069,-77.81618,-158.91191
-3.0647888,-106.68168,-110.34385,-72.03559
154.82013,47.792557,-68.38017,-17.123413
-112.68321,113.45123,-125.25856,-124.005325
2.7462006,148.30756,2.7457886,148.30914
108.481476,149.34006,153.39322,-173.60567
158.6228,94.841736,158.62515,94.84439
14.68335,143.978,-106.57133,-135.51009
-30.052032,178.40851,-30.05426,178.41034
159.86389,130.55664,-123.61363,-133.92567
-81.88341,-169.89536,-174.15501,177.00677
-116.185265,-163.05046,-116.306625,-163.05641
-159.2334,-112.368004,-134.36504,-100.418594
-11.941177,82.792816,-165.80855,-116.458
-82.40608,-134.82472,-150.154,-173.04414
-73.576065,62.143448,123.85687,-55.805984
36.50107,132.43744,147.68933,174.10324
-20.268372,158.04016,-6.0760345,-151.11694
94.90451,10.203857,94.67468,9.967575
-9.273575,148.97296,-51.607544,-106.0864
-146.19736,-7.1806946,-73.2685,-107.001274
160.70084,107.1781,-162.13289,-161.77827
4.916153,-105.85019,-148.12956,129.37408
0.38275146,137.51541,-112.85319,-144.82748
9.78392,-161.98639,-136.29565,-137.116
160.27386,-42.093353,-126.03695,-136.5054
64.95331,48.728928,-117.65608,-38.334885
-14.172256,-5.5491943,-97.74804,74.506836
-91.20266,-67.78671,-91.25251,-67.786415
21.003067,132.07013,33.06633,-112.46455
78.6239,-66.73829,135.0033,-7.8248444
-17.90393,39.82321,164.69138,-4.0957184
-13.978287,141.448,-118.20555,58.50612
-38.648758,37.687927,-103.21164,-157.90434
-127.13947,-133.43704,-92.93466,-1.945282
-164.81732,-85.48203,174.06317,-78.27046
-146.43266,-76.49679,-100.5744,175.4863
-45.663727,-151.78357,-157.99857,166.47269
94.6644,14.10231,-172.80594,-63.869476
3.94516,-6.098053,-172.31998,-78.65847
69.817535,-34.220505,130.8388,-44.58371
174.40561,-11.094284,174.40918,-11.09108
-109.84236,8.919144,-109.841866,8.919098
-18.622818,43.39081,-93.77086,25.463501
74.920074,105.76425,-5.450485,-7.5733643
172.89435,140.8905,-121.33177,-151.96367
-0.49217224,-87.55467,-124.22544,-53.66867
40.715744,-102.302284,-117.51998,-102.212265
-12.911331,87.445435,140.3183,-179.14513
52.054596,-138.59935,-159.94693,-75.042786
49.420273,7.077484,-179.18076,-90.02912
-25.796585,-88.44267,173.28079,-171.14351
-9.989349,1.6940308,-73.35695,-124.78504
63.90454,-130.62564,111.07892,-26.815048
91.09424,119.95621,-110.5608,-134.5266
-133.54456,-54.0336,-133.54037,-54.030487
-15.45343,-101.285225,-67.54386,-94.11386
32.748077,-62.529404,146.84378,-52.276817
